Config,FM ID,Name,Short Name,6 Letter Name,3 Letter Name,Alt 3 Letter Name,Footballing Nation ID,Footballing Nation Name,Country ID,Country Name,City ID,City Name,Division ID,Division Name,Reputation,Likely Finishing Group,Captain ID,Captain Name,Vice Captain ID,Vice Captain Name,CA16,Extinct,NFE,Official Hashtag #,Year Founded,First Nickname,Titlebar FG Colour,Titlebar BG Colour,FM ID,Stadium ID,Stadium Name,Max Attendance
"[{""a"":""Club"",""m"":""Club"",""k"":90898,""r"":90898},{""a"":""ClubStadium"",""m"":""ClubStadium"",""k"":2986,""r"":90898},{""a"":""Stadium"",""m"":""Stadium"",""k"":8153,""r"":8153}]",106857,Club Sportif Sfaxien,CS Sfaxien,CSSFAX,CSS,,160633,Tunisia,1248894,Tunisia,39979,Sfax,154466,Ligue Professionnelle 1,105,1,398455,Mohamed Hedi Gaaloul,,,99.56,,,CSSfax,1928,Le CSS,1000,1004,5390000,8153,Stade Taïeb Mhiri,30000
"[{""a"":""Club"",""m"":""Club"",""k"":90899,""r"":90899},{""a"":""ClubStadium"",""m"":""ClubStadium"",""k"":2987,""r"":90899},{""a"":""Stadium"",""m"":""Stadium"",""k"":10330,""r"":10330}]",106858,Espérance Sportive de Tunis,Espérance Tunis,ESPTUN,EST,,160633,Tunisia,1248894,Tunisia,39845,Tunis,154466,Ligue Professionnelle 1,128,1,410964,Yassine Meriah,985297,Amine Ben Hamida,114.63,,,EST,1919,The Beast of Africa,1146,1026,7601512,10330,Stade Olympique Hammadi Agrebi,65000
"[{""a"":""Club"",""m"":""Club"",""k"":91897,""r"":91897},{""a"":""ClubStadium"",""m"":""ClubStadium"",""k"":3985,""r"":91897},{""a"":""Stadium"",""m"":""Stadium"",""k"":8162,""r"":8162}]",131255,Étoile Sportive du Sahel,Étoile Sahel,,ESS,,160633,Tunisia,1248894,Tunisia,39978,Sousse,154466,Ligue Professionnelle 1,110,2,398419,Zied Boughattas,409904,Mohamed Amine Ben Amor,102.19,,,ESSahel,1925,L'Étoile,1000,1146,5390012,8162,Stade Olympique de Sousse,40000
"[{""a"":""Club"",""m"":""Club"",""k"":93537,""r"":93537},{""a"":""ClubStadium"",""m"":""ClubStadium"",""k"":5632,""r"":93537},{""a"":""Stadium"",""m"":""Stadium"",""k"":10330,""r"":10330}]",401149,Club Africain,Club Africain,,CA,,160633,Tunisia,1248894,Tunisia,39845,Tunis,154466,Ligue Professionnelle 1,105,2,,,409453,Moataz Zemzemi,103.88,,,CAOfficiel,1920,Lefri9i,1000,1146,7601512,10330,Stade Olympique Hammadi Agrebi,70000
"[{""a"":""Club"",""m"":""Club"",""k"":100975,""r"":100975},{""a"":""ClubStadium"",""m"":""ClubStadium"",""k"":13121,""r"":100975},{""a"":""Stadium"",""m"":""Stadium"",""k"":1441868,""r"":1441868}]",5390013,Stade Tunisien,Stade Tunisien,ST,ST,SdT,160633,Tunisia,1248894,Tunisia,48568,Le Bardo,154466,Ligue Professionnelle 1,85,2,902608,Marouane Sahraoui,395520,Atef Dkhili,96.75,,,StadeTunisen,1948,Baklawa,1000,1146,2000360438,1441868,Stade Hedi Enneifer,9000
"[{""a"":""Club"",""m"":""Club"",""k"":100976,""r"":100976},{""a"":""ClubStadium"",""m"":""ClubStadium"",""k"":13122,""r"":100976},{""a"":""Stadium"",""m"":""Stadium"",""k"":8155,""r"":8155}]",5390014,Espérance Sportive de Zarzis,Espérance Zarzis,,ESZ,,160633,Tunisia,1248894,Tunisia,48641,Zarzis,154466,Ligue Professionnelle 1,80,4,1221418,Nassim Douihech,410302,Lamjed Rjili,92.06,,,,1934,Tarajji El Janoub,1026,1004,5390005,8155,Complexe Sportif Abdessalem Kazzouz,10000
"[{""a"":""Club"",""m"":""Club"",""k"":100977,""r"":100977},{""a"":""ClubStadium"",""m"":""ClubStadium"",""k"":13123,""r"":100977},{""a"":""Stadium"",""m"":""Stadium"",""k"":10321,""r"":10321}]",5390015,Club Sportif de Hammam-Lif,CS Hammam-Lif,CSHL,CSHL,HL,160633,Tunisia,1248894,Tunisia,50602,Hammam-Lif,154482,Ligue Professionnelle 2 - Group A,84,2,1278035,Hamza Ghalleb,,,82.25,,,,1944,Hamhama,1000,1072,7600727,10321,Stade Municipal de Hammam-Lif,12500
"[{""a"":""Club"",""m"":""Club"",""k"":100978,""r"":100978},{""a"":""ClubStadium"",""m"":""ClubStadium"",""k"":13124,""r"":100978},{""a"":""Stadium"",""m"":""Stadium"",""k"":8157,""r"":8157}]",5390016,Club Athlétique Bizertin,CA Bizerte,CAB,CAB,BIZ,160633,Tunisia,1248894,Tunisia,39977,Bizerte,154466,Ligue Professionnelle 1,95,3,1151183,Khalil Balbouz,982879,Abdou Seydi,93.06,,,,1928,Les Cabistes,1004,1026,5390007,8157,Stade du 15 Octobre,20000
"[{""a"":""Club"",""m"":""Club"",""k"":100979,""r"":100979},{""a"":""ClubStadium"",""m"":""ClubStadium"",""k"":13125,""r"":100979},{""a"":""Stadium"",""m"":""Stadium"",""k"":8158,""r"":8158}]",5390017,Union Sportive Monastirienne,US Monastir,USMO,USM,,160633,Tunisia,1248894,Tunisia,48640,Monastir,154466,Ligue Professionnelle 1,95,2,404467,Moses Orkuma,410608,Abdessalem Hallaoui,99.81,,,USMonastir,1923,L'USMo,1000,1095,5390008,8158,Stade Mustapha Ben Jannet,15000
"[{""a"":""Club"",""m"":""Club"",""k"":100980,""r"":100980},{""a"":""ClubStadium"",""m"":""ClubStadium"",""k"":13126,""r"":100980},{""a"":""Stadium"",""m"":""Stadium"",""k"":8159,""r"":8159}]",5390018,Olympique de Béja,O. Béja,OLYBEJ,OB,OBJ,160633,Tunisia,1248894,Tunisia,39976,Béja,154466,Ligue Professionnelle 1,84,3,,,,,86.38,,,OfficielOB,1929,L'OB,1146,1000,5390009,8159,Stade Boujemaa Kmiti,15000
"[{""a"":""Club"",""m"":""Club"",""k"":100981,""r"":100981},{""a"":""ClubStadium"",""m"":""ClubStadium"",""k"":13127,""r"":100981},{""a"":""Stadium"",""m"":""Stadium"",""k"":8160,""r"":8160}]",5390019,Association Sportive de Djerba,AS Djerba,ASD,ASS,,160633,Tunisia,1248894,Tunisia,48639,Djerba,154565,Tunisian Amateur League 1 - Group D,50,,,,,,77.13,,,,1946,L'ASD,1067,1000,5390010,8160,Stade Houmet Essouk,12000
"[{""a"":""Club"",""m"":""Club"",""k"":100982,""r"":100982},{""a"":""ClubStadium"",""m"":""ClubStadium"",""k"":13128,""r"":100982},{""a"":""Stadium"",""m"":""Stadium"",""k"":8161,""r"":8161}]",5390020,Jeunesse Sportive de Kairouan,Jeunesse Kairouan,JSK,JSK,,160633,Tunisia,1248894,Tunisia,39980,Kairouan,154466,Ligue Professionnelle 1,70,1,,,,,86.19,,,JSK,1942,El Chabiba,1064,1000,5390011,8161,Stade Hamda Laouani,8000
"[{""a"":""Club"",""m"":""Club"",""k"":104664,""r"":104664},{""a"":""ClubStadium"",""m"":""ClubStadium"",""k"":16790,""r"":104664},{""a"":""Stadium"",""m"":""Stadium"",""k"":1406,""r"":1406}]",7600724,Club Olympique de Médenine,CO Médenine,COM,CLU,,160633,Tunisia,1248894,Tunisia,50601,Médenine,154565,Tunisian Amateur League 1 - Group D,40,1,,,,,77.56,,,,1954,Le COM,1004,1026,105262,1406,Stade Olympique Salaheddine Ben Hamida,10000
"[{""a"":""Club"",""m"":""Club"",""k"":104665,""r"":104665},{""a"":""ClubStadium"",""m"":""ClubStadium"",""k"":16791,""r"":104665},{""a"":""Stadium"",""m"":""Stadium"",""k"":1404,""r"":1404}]",7600726,Club Olympique des Transports,CO Transports,COT,CLU,,160633,Tunisia,1248894,Tunisia,39845,Tunis,1177912,Tunisian Amateur League 2 - Group A,45,2,,,,,72.38,,,,1966,Le COT,1004,1095,105260,1404,Stade Ali Belhouane,8000
"[{""a"":""Club"",""m"":""Club"",""k"":104666,""r"":104666},{""a"":""ClubStadium"",""m"":""ClubStadium"",""k"":16792,""r"":104666},{""a"":""Stadium"",""m"":""Stadium"",""k"":1402,""r"":1402}]",7600854,Avenir Sportif de La Marsa,AS Marsa,ASM,ASM,,160633,Tunisia,1248894,Tunisia,50603,La Marsa,154482,Ligue Professionnelle 2 - Group A,80,1,,,,,89.31,,,ASM,1939,El Gnawiya,1026,1063,105256,1402,Stade Abdelaziz Chtioui,10000
"[{""a"":""Club"",""m"":""Club"",""k"":107073,""r"":107073},{""a"":""ClubStadium"",""m"":""ClubStadium"",""k"":19336,""r"":107073},{""a"":""Stadium"",""m"":""Stadium"",""k"":11900,""r"":11900}]",8633852,Avenir Sportif de Gabès,Avenir Gabès,ASGABS,ASG,AVG,160633,Tunisia,1248894,Tunisia,53288,Gabès,154466,Ligue Professionnelle 1,70,4,1104070,Abdelkader Chouaya,,,88.13,,,,1978,Le Carrelage,1146,1004,8633854,11900,Stade Olympique (Zrig),9000
"[{""a"":""Club"",""m"":""Club"",""k"":107074,""r"":107074},{""a"":""ClubStadium"",""m"":""ClubStadium"",""k"":19337,""r"":107074},{""a"":""Stadium"",""m"":""Stadium"",""k"":11900,""r"":11900}]",8633855,Stade Gabésien,Stade Gabésien,STGABS,ST,SGB,160633,Tunisia,1248894,Tunisia,53288,Gabès,154483,Ligue Professionnelle 2 - Group B,66,1,,,,,83.69,,,,1957,Les Stadistes de Jara,1000,1063,8633854,11900,Stade Olympique (Zrig),9000
"[{""a"":""Club"",""m"":""Club"",""k"":107075,""r"":107075},{""a"":""ClubStadium"",""m"":""ClubStadium"",""k"":19338,""r"":107075},{""a"":""Stadium"",""m"":""Stadium"",""k"":12304,""r"":12304}]",8633856,El Makarem de Mahdia,EM Mahdia,EMM,ELM,,160633,Tunisia,1248894,Tunisia,54475,Mahdia,154482,Ligue Professionnelle 2 - Group A,40,2,,,,,81.19,,,,1937,L'EMM,1000,1091,12019363,12304,Stade Ahmed Khouaja,8000
"[{""a"":""Club"",""m"":""Club"",""k"":107076,""r"":107076},{""a"":""ClubStadium"",""m"":""ClubStadium"",""k"":19339,""r"":107076},{""a"":""Stadium"",""m"":""Stadium"",""k"":12229,""r"":12229}]",8633857,Club Sportif de Korba,CS Korba,CSKORB,CSK,KOR,160633,Tunisia,1248894,Tunisia,54397,Korba,154482,Ligue Professionnelle 2 - Group A,58,1,1106833,Rami Bouchniba,1360691,Ali Salah,83.5,,,,1960,Le CSK,1063,1026,12005314,12229,Stade Municipal de Korba,1000
"[{""a"":""Club"",""m"":""Club"",""k"":107077,""r"":107077},{""a"":""ClubStadium"",""m"":""ClubStadium"",""k"":19340,""r"":107077},{""a"":""Stadium"",""m"":""Stadium"",""k"":12305,""r"":12305}]",8633858,Association Sportive de l'Ariana,AS Ariana,Ariana,ASA,ARN,160633,Tunisia,1248894,Tunisia,44238,Ariana,154482,Ligue Professionnelle 2 - Group A,40,2,,,,,82.27,,,,1938,L'ASA,1004,1000,12019364,12305,Stade Municipal de Borj Louzir,2500
"[{""a"":""Club"",""m"":""Club"",""k"":107078,""r"":107078},{""a"":""ClubStadium"",""m"":""ClubStadium"",""k"":19341,""r"":107078},{""a"":""Stadium"",""m"":""Stadium"",""k"":12366,""r"":12366}]",8633859,Association Mégrine Sport,AS Mégrine,,AMS,,160633,Tunisia,1248894,Tunisia,54533,Mégrine,154482,Ligue Professionnelle 2 - Group A,30,3,1478070,Hamdi Torkhani,,,79.06,,,,1948,L'AMS,1004,1000,12064361,12366,Stade Hammouda Haddad,1500
"[{""a"":""Club"",""m"":""Club"",""k"":107079,""r"":107079},{""a"":""ClubStadium"",""m"":""ClubStadium"",""k"":19342,""r"":107079},{""a"":""Stadium"",""m"":""Stadium"",""k"":12365,""r"":12365}]",8633861,Stade Sportif Sfaxien,SS Sfax,SSS,STA,,160633,Tunisia,1248894,Tunisia,39979,Sfax,154507,Tunisian Amateur League 1 - Group C,39,3,,,,,71.5,,,,1960,Le SSS,1026,1095,12064331,12365,Stade du 2 Mars,2000
"[{""a"":""Club"",""m"":""Club"",""k"":107080,""r"":107080},{""a"":""ClubStadium"",""m"":""ClubStadium"",""k"":19343,""r"":107080},{""a"":""Stadium"",""m"":""Stadium"",""k"":12306,""r"":12306}]",8633862,Avenir Sportif de Kasserine,Kasserine,ASK,AVE,,160633,Tunisia,1248894,Tunisia,53248,Kasserine,154483,Ligue Professionnelle 2 - Group B,56,2,1203468,Nidhal Dalhoumi,,,81.94,,,,1948,Frechich,1063,1000,12019365,12306,Stade Municipal de Kasserine,10000
"[{""a"":""Club"",""m"":""Club"",""k"":107081,""r"":107081},{""a"":""ClubStadium"",""m"":""ClubStadium"",""k"":19344,""r"":107081},{""a"":""Stadium"",""m"":""Stadium"",""k"":12307,""r"":12307}]",8633863,Espoir Sportif de Hammam-Sousse,ES Hammam-Sousse,ESHS,EHS,,160633,Tunisia,1248894,Tunisia,54476,Hammam-Sousse,154482,Ligue Professionnelle 2 - Group A,70,1,,,,,83.63,,,ESHammamSousse,1957,L'ESHS,1004,1026,12019366,12307,Stade Municipal Bou Ali-Lahouar,8000
"[{""a"":""Club"",""m"":""Club"",""k"":107082,""r"":107082},{""a"":""ClubStadium"",""m"":""ClubStadium"",""k"":19345,""r"":107082},{""a"":""Stadium"",""m"":""Stadium"",""k"":12308,""r"":12308}]",8633864,STIR Sportive de Zarzouna,STIR Zarzouna,SSZ,STI,,160633,Tunisia,1248894,Tunisia,39977,Bizerte,154481,Tunisian Amateur League 1 - Group A,40,3,,,,,72.56,,,,1965,Le SSZ,1091,1026,12019367,12308,Stade de Zarzouna,6000
"[{""a"":""Club"",""m"":""Club"",""k"":107119,""r"":107119},{""a"":""ClubStadium"",""m"":""ClubStadium"",""k"":19239,""r"":107119},{""a"":""Stadium"",""m"":""Stadium"",""k"":11876,""r"":11876}]",8626284,Étoile Sportive de Béni Khalled,ES Béni Khalled,ESBK,ÉTO,,160633,Tunisia,1248894,Tunisia,53212,Béni Khalled,154481,Tunisian Amateur League 1 - Group A,60,3,,,,,74.86,,,,1948,L'ESBK,1146,1000,8626283,11876,Stade Habib Tajouri,9000
"[{""a"":""Club"",""m"":""Club"",""k"":107157,""r"":107157},{""a"":""ClubStadium"",""m"":""ClubStadium"",""k"":19277,""r"":107157},{""a"":""Stadium"",""m"":""Stadium"",""k"":1441942,""r"":1441942}]",8629428,Étoile Olympique de la Goulette-Kram,EOG Kram,EOGK,ÉTO,,160633,Tunisia,1248894,Tunisia,54532,Le Kram,1177912,Tunisian Amateur League 2 - Group A,30,1,,,,,71.8,,,,1950,L'EOGK,1000,1063,2000360512,1441942,Stade Municipal du Kram,8000
"[{""a"":""Club"",""m"":""Club"",""k"":107158,""r"":107158},{""a"":""ClubStadium"",""m"":""ClubStadium"",""k"":19278,""r"":107158},{""a"":""Stadium"",""m"":""Stadium"",""k"":11890,""r"":11890}]",8629435,El Gawafel Sportives de Gafsa,EGS Gafsa,,EGSG,,160633,Tunisia,1248894,Tunisia,53259,Gafsa,154466,Ligue Professionnelle 1,75,4,398525,Haythem Mhamedi,396331,Rami Jridi,88,,,EGSG,1967,El Gawafel,1063,1026,8629448,11890,Stade Olympique Mohamed Rouached,8000
"[{""a"":""Club"",""m"":""Club"",""k"":107160,""r"":107160},{""a"":""ClubStadium"",""m"":""ClubStadium"",""k"":19280,""r"":107160},{""a"":""Stadium"",""m"":""Stadium"",""k"":11891,""r"":11891}]",8629450,Olympique du Kef,O. Kef,OK,OK,,160633,Tunisia,1248894,Tunisia,53258,Le Kef,154506,Tunisian Amateur League 1 - Group B,62,3,,,,,74,,,,1922,L'OK,1004,1146,8629449,11891,Stade Ben Jileni,10000
"[{""a"":""Club"",""m"":""Club"",""k"":107199,""r"":107199},{""a"":""ClubStadium"",""m"":""ClubStadium"",""k"":19319,""r"":107199},{""a"":""Stadium"",""m"":""Stadium"",""k"":12360,""r"":12360}]",8632840,Jendouba Sport,Jendouba Sport,JENDSP,JS,JSP,160633,Tunisia,1248894,Tunisia,54529,Jendouba,154482,Ligue Professionnelle 2 - Group A,52,1,,,,,81.75,,,JS,1922,Le JS,1004,1146,12064227,12360,Stade Municipal Salah Merdassi,10000
"[{""a"":""Club"",""m"":""Club"",""k"":107594,""r"":107594},{""a"":""ClubStadium"",""m"":""ClubStadium"",""k"":19738,""r"":107594},{""a"":""Stadium"",""m"":""Stadium"",""k"":12309,""r"":12309}]",12004712,Espoir Sportif de Djerba Midoun,ES Djerba,ESJ,ESP,,160633,Tunisia,1248894,Tunisia,48639,Djerba,154565,Tunisian Amateur League 1 - Group D,36,3,,,,,80,,,,1976,L'ESJ,1000,1091,12019368,12309,Stade Municipal de Midoun,10000
"[{""a"":""Club"",""m"":""Club"",""k"":107604,""r"":107604},{""a"":""ClubStadium"",""m"":""ClubStadium"",""k"":19748,""r"":107604},{""a"":""Stadium"",""m"":""Stadium"",""k"":12234,""r"":12234}]",12005231,Croissant Sportif de Msaken,CS Msaken,CSM,CRO,,160633,Tunisia,1248894,Tunisia,53238,Msaken,154482,Ligue Professionnelle 2 - Group A,54,3,,,,,82.06,,,,1945,Litaïma,1063,1146,12008562,12234,Stade Municipal de M'saken,6000
"[{""a"":""Club"",""m"":""Club"",""k"":107643,""r"":107643},{""a"":""ClubStadium"",""m"":""ClubStadium"",""k"":19787,""r"":107643},{""a"":""Stadium"",""m"":""Stadium"",""k"":12235,""r"":12235}]",12008557,Stade Africain de Menzel Bourguiba,Menzel Bourguiba,SAMB,STA,,160633,Tunisia,1248894,Tunisia,54425,Menzel Bourguiba,154482,Ligue Professionnelle 2 - Group A,48,4,,,,,78.63,,,,1938,Le SAMB,1000,1063,12008563,12235,Stade Azaïez Jaballah,7000
"[{""a"":""Club"",""m"":""Club"",""k"":107784,""r"":107784},{""a"":""ClubStadium"",""m"":""ClubStadium"",""k"":19928,""r"":107784},{""a"":""Stadium"",""m"":""Stadium"",""k"":12310,""r"":12310}]",12019347,Union Sportive de Ben Guerdane,Ben Guerdane,USBENG,USBG,UBG,160633,Tunisia,1248894,Tunisia,54477,Ben Guerdane,154466,Ligue Professionnelle 1,85,4,396356,Ghazi Abderrazzak,,,89,,,,1945,L'USBG,1004,1026,12019369,12310,Stade Municipal 7 Mars,7000
"[{""a"":""Club"",""m"":""Club"",""k"":107785,""r"":107785},{""a"":""ClubStadium"",""m"":""ClubStadium"",""k"":19929,""r"":107785},{""a"":""Stadium"",""m"":""Stadium"",""k"":12375,""r"":12375}]",12019348,Étoile Sportive du Fahs,ES Fahs,ESF,ÉTO,,160633,Tunisia,1248894,Tunisia,54544,El Fahs,154506,Tunisian Amateur League 1 - Group B,28,4,,,,,69.5,,,,1949,L'ESF,1000,1090,12064429,12375,Stade du Fahs,3000
"[{""a"":""Club"",""m"":""Club"",""k"":107786,""r"":107786},{""a"":""ClubStadium"",""m"":""ClubStadium"",""k"":19930,""r"":107786},{""a"":""Stadium"",""m"":""Stadium"",""k"":12312,""r"":12312}]",12019349,Océano Club de Kerkennah,Océano Kerkennah,OCK,OCÉ,,160633,Tunisia,1248894,Tunisia,54531,Kerkennah,154483,Ligue Professionnelle 2 - Group B,35,2,,,,,82.75,,,,1963,El Mouhit,1098,1000,12019371,12312,Stade Ameur El-Gargouri,2000
"[{""a"":""Club"",""m"":""Club"",""k"":107787,""r"":107787},{""a"":""ClubStadium"",""m"":""ClubStadium"",""k"":19931,""r"":107787},{""a"":""Stadium"",""m"":""Stadium"",""k"":12363,""r"":12363}]",12019350,El Ahly Mateur,EA Mateur,EAM,ELA,,160633,Tunisia,1248894,Tunisia,53266,Mateur,971082,Tunisian Lower Division,40,3,,,,,70,,,,1947,L'EAM,1026,1064,12064288,12363,Stade Municipal de Mateur,6000
"[{""a"":""Club"",""m"":""Club"",""k"":107788,""r"":107788},{""a"":""ClubStadium"",""m"":""ClubStadium"",""k"":19932,""r"":107788},{""a"":""Stadium"",""m"":""Stadium"",""k"":12369,""r"":12369}]",12019351,Club Sportif Makthar,CS Makthar,CSMak,CLU,,160633,Tunisia,1248894,Tunisia,54539,Makthar,154506,Tunisian Amateur League 1 - Group B,32,3,,,,,68.67,,,,1942,Le CSMak,1000,1075,12064396,12369,Stade Municipal de Makthar,5000
"[{""a"":""Club"",""m"":""Club"",""k"":107789,""r"":107789},{""a"":""ClubStadium"",""m"":""ClubStadium"",""k"":19933,""r"":107789},{""a"":""Stadium"",""m"":""Stadium"",""k"":12368,""r"":12368}]",12019352,Kalaa Sport,Kalaa Sport,KS,KAL,,160633,Tunisia,1248894,Tunisia,54538,Kalaa Seghira,154482,Ligue Professionnelle 2 - Group A,40,3,,,,,81.63,,,,1961,,1000,1146,12064385,12368,Stade Municipal de Kalaa Seghira,3000
"[{""a"":""Club"",""m"":""Club"",""k"":107790,""r"":107790},{""a"":""ClubStadium"",""m"":""ClubStadium"",""k"":19934,""r"":107790},{""a"":""Stadium"",""m"":""Stadium"",""k"":8156,""r"":8156}]",12019353,Jeunesse Sportive d'El Omrane,Jeuneuse Omrane,JSO,JSO,,160633,Tunisia,1248894,Tunisia,39845,Tunis,154466,Ligue Professionnelle 1,65,3,1414121,Ghaith Ben Hamida,1414123,Hafedh Bouhouch,88.5,,,,1943,La JSO,1098,1022,5390006,8156,Stade Chedli Zouiten,3000
"[{""a"":""Club"",""m"":""Club"",""k"":107791,""r"":107791},{""a"":""ClubStadium"",""m"":""ClubStadium"",""k"":19935,""r"":107791},{""a"":""Stadium"",""m"":""Stadium"",""k"":12374,""r"":12374}]",12019354,Étoile Sportive de Métlaoui,Étoile Métlaoui,ESMETL,ESM,EMT,160633,Tunisia,1248894,Tunisia,54535,Métlaoui,154466,Ligue Professionnelle 1,78,3,1372430,Mohamed Hachem Khelifa,,,88,,,,1950,L'ESM,1146,1026,12064416,12374,Stade Olympique de Métlaoui,5000
"[{""a"":""Club"",""m"":""Club"",""k"":107792,""r"":107792},{""a"":""ClubStadium"",""m"":""ClubStadium"",""k"":19936,""r"":107792},{""a"":""Stadium"",""m"":""Stadium"",""k"":12370,""r"":12370}]",12019355,Union Sportive Sbeïtla,US Sbeïtla,USS,UNI,,160633,Tunisia,1248894,Tunisia,54540,Sbeïtla,154506,Tunisian Amateur League 1 - Group B,28,,,,,,65.33,,,,1947,L'USS,1000,1146,12064400,12370,Stade Municipal de Sbeïtla,2000
"[{""a"":""Club"",""m"":""Club"",""k"":107793,""r"":107793},{""a"":""ClubStadium"",""m"":""ClubStadium"",""k"":19937,""r"":107793},{""a"":""Stadium"",""m"":""Stadium"",""k"":12367,""r"":12367}]",12019356,Grombalia Sport,Grombalia Sport,GS,GS,,160633,Tunisia,1248894,Tunisia,53239,Grombalia,154481,Tunisian Amateur League 1 - Group A,67,4,,,,,73.5,,,,1939,Le GS,1095,1000,12064362,12367,Stade Municipal de Grombalia,6000
"[{""a"":""Club"",""m"":""Club"",""k"":107794,""r"":107794},{""a"":""ClubStadium"",""m"":""ClubStadium"",""k"":19938,""r"":107794},{""a"":""Stadium"",""m"":""Stadium"",""k"":12365,""r"":12365}]",12019357,Sfax Railways Sports,Sfax Railways,SRS,SFA,,160633,Tunisia,1248894,Tunisia,39979,Sfax,154483,Ligue Professionnelle 2 - Group B,42,3,,,,,81.13,,,,1920,El Railway,1004,1026,12064331,12365,Stade du 2 Mars,2000
"[{""a"":""Club"",""m"":""Club"",""k"":107797,""r"":107797},{""a"":""ClubStadium"",""m"":""ClubStadium"",""k"":19941,""r"":107797},{""a"":""Stadium"",""m"":""Stadium"",""k"":1441923,""r"":1441923}]",12019504,Stade Soussien,Stade Soussien,SS,STA,,160633,Tunisia,1248894,Tunisia,39978,Sousse,154507,Tunisian Amateur League 1 - Group C,20,4,,,,,75,,,,1949,Le Stade,1044,1000,2000360493,1441923,Stade Mustapha Amara,1000
"[{""a"":""Club"",""m"":""Club"",""k"":107865,""r"":107865},{""a"":""ClubStadium"",""m"":""ClubStadium"",""k"":20009,""r"":107865},{""a"":""Stadium"",""m"":""Stadium"",""k"":12362,""r"":12362}]",12033106,La Palme Sportive de Tozeur,LPS Tozeur,LPST,LAP,,160633,Tunisia,1248894,Tunisia,54530,Tozeur,154565,Tunisian Amateur League 1 - Group D,20,4,,,,,70.5,,,,1947,La Palme,1063,1026,12064279,12362,Stade Olympique de Tozeur,6000
"[{""a"":""Club"",""m"":""Club"",""k"":107944,""r"":107944},{""a"":""ClubStadium"",""m"":""ClubStadium"",""k"":20122,""r"":107944},{""a"":""Stadium"",""m"":""Stadium"",""k"":12356,""r"":12356}]",12059622,Étoile Olympique de Sidi Bouzid,O. Sidi Bouzid,EOSB,ÉTO,SB,160633,Tunisia,1248894,Tunisia,54525,Sidi Bouzid,154483,Ligue Professionnelle 2 - Group B,60,3,394140,Laaroussi Bargougui,,,83.75,,,,1959,L'Etoile,1063,1000,12059624,12356,Stade Municipal 17 Décembre,6000
"[{""a"":""Club"",""m"":""Club"",""k"":107951,""r"":107951},{""a"":""ClubStadium"",""m"":""ClubStadium"",""k"":20129,""r"":107951},{""a"":""Stadium"",""m"":""Stadium"",""k"":12366,""r"":12366}]",12064528,Club Sportif des Cheminots,CS Cheminots,CSC,CLU,,160633,Tunisia,1248894,Tunisia,39845,Tunis,971082,Tunisian Lower Division,25,4,,,,,0,,,,1919,Le CSC,1005,1092,12064361,12366,Stade Hammouda Haddad,500
"[{""a"":""Club"",""m"":""Club"",""k"":107952,""r"":107952},{""a"":""ClubStadium"",""m"":""ClubStadium"",""k"":20130,""r"":107952},{""a"":""Stadium"",""m"":""Stadium"",""k"":1441969,""r"":1441969}]",12064533,Club Medjezien,Club Medjezien,CM,CLU,,160633,Tunisia,1248894,Tunisia,54552,Medjez el-Bab,154506,Tunisian Amateur League 1 - Group B,25,3,,,,,62,,,,1946,Le CM,1146,1000,2000360539,1441969,Stade Municipal de Medjez el-Bab,2000
"[{""a"":""Club"",""m"":""Club"",""k"":107953,""r"":107953},{""a"":""ClubStadium"",""m"":""ClubStadium"",""k"":20131,""r"":107953},{""a"":""Stadium"",""m"":""Stadium"",""k"":1441962,""r"":1441962}]",12064536,Flèche Sportive de Ras Jebel,FS Ras Jebel,FSRJ,FLÈ,,160633,Tunisia,1248894,Tunisia,54553,Ras Jebel,154481,Tunisian Amateur League 1 - Group A,25,2,,,,,70,,,,1961,La FSRJ,1004,1018,2000360532,1441962,Stade Municipal de Ras Jebel,2000
"[{""a"":""Club"",""m"":""Club"",""k"":107954,""r"":107954},{""a"":""ClubStadium"",""m"":""ClubStadium"",""k"":20132,""r"":107954},{""a"":""Stadium"",""m"":""Stadium"",""k"":1442204,""r"":1442204}]",12064540,Étoile Sportive de Radès,Étoile Radès,RADES,ESR,,160633,Tunisia,1248894,Tunisia,50609,Radès,154482,Ligue Professionnelle 2 - Group A,25,4,,,,,80.13,,,,1948,Étoile Radésienne,1095,1000,2000360774,1442204,Stade Hédi Ben Romdhane,100
"[{""a"":""Club"",""m"":""Club"",""k"":107955,""r"":107955},{""a"":""ClubStadium"",""m"":""ClubStadium"",""k"":20133,""r"":107955},{""a"":""Stadium"",""m"":""Stadium"",""k"":1441979,""r"":1441979}]",12064543,Avenir Sportif d'Oued Ellil,Oued Ellil,ASOE,AVE,,160633,Tunisia,1248894,Tunisia,54554,Oued Ellil,154482,Ligue Professionnelle 2 - Group A,25,4,,,,,79.58,,,,1976,L'ASOE,1095,1000,2000360549,1441979,Stade de Oued Ellil,2000
"[{""a"":""Club"",""m"":""Club"",""k"":107956,""r"":107956},{""a"":""ClubStadium"",""m"":""ClubStadium"",""k"":20134,""r"":107956},{""a"":""Stadium"",""m"":""Stadium"",""k"":1441846,""r"":1441846}]",12064546,Union Sportive de Ksibet el-Médiouni,US Ksibet el-Médiouni,USK,UNI,,160633,Tunisia,1248894,Tunisia,54555,Ksibet el-Médiouni,154507,Tunisian Amateur League 1 - Group C,25,1,,,,,75.8,,,,1961,L'USK,1004,1026,2000360416,1441846,Stade Municipal de Ksibet El-Médiouni,2000
"[{""a"":""Club"",""m"":""Club"",""k"":107957,""r"":107957},{""a"":""ClubStadium"",""m"":""ClubStadium"",""k"":20135,""r"":107957},{""a"":""Stadium"",""m"":""Stadium"",""k"":12862,""r"":12862}]",12064551,Football Club Hammamet,FC Hammamet,FCH,FOO,,160633,Tunisia,1248894,Tunisia,54556,Hammamet,1177505,Tunisian Amateur League 2 - Group B,40,4,,,,,82,,,,2001,Le FCH,1095,1026,13207207,12862,Stade Municipal de Hammamet,2000
"[{""a"":""Club"",""m"":""Club"",""k"":107958,""r"":107958},{""a"":""ClubStadium"",""m"":""ClubStadium"",""k"":20136,""r"":107958},{""a"":""Stadium"",""m"":""Stadium"",""k"":1441989,""r"":1441989}]",12064558,Club Ahly Bouhjar,Ahly Bouhjar,NAB,CLU,,160633,Tunisia,1248894,Tunisia,54557,Bouhjar,1177506,Tunisian Amateur League 2 - Group C,25,3,,,,,0,,,,1960,,1063,1000,2000360559,1441989,Stade Municipal de Bouhjar,1500
"[{""a"":""Club"",""m"":""Club"",""k"":107959,""r"":107959},{""a"":""ClubStadium"",""m"":""ClubStadium"",""k"":20137,""r"":107959},{""a"":""Stadium"",""m"":""Stadium"",""k"":1441841,""r"":1441841}]",12064561,Flambeau Sportif de Sahline,FS Sahline,FSS,FLA,,160633,Tunisia,1248894,Tunisia,54558,Sahline,154507,Tunisian Amateur League 1 - Group C,25,3,,,,,76.75,,,,1961,Le FSS,1063,1026,2000360411,1441841,Stade Municipal de Sahline,2000
"[{""a"":""Club"",""m"":""Club"",""k"":107960,""r"":107960},{""a"":""ClubStadium"",""m"":""ClubStadium"",""k"":20138,""r"":107960},{""a"":""Stadium"",""m"":""Stadium"",""k"":1441845,""r"":1441845}]",12064566,Aigle Sportif de Téboulba,AS Téboulba,AST,AIG,,160633,Tunisia,1248894,Tunisia,54559,Téboulba,154507,Tunisian Amateur League 1 - Group C,25,3,,,,,72.5,,,,1947,L'AST,1000,1064,2000360415,1441845,Stade de Téboulba,2000
"[{""a"":""Club"",""m"":""Club"",""k"":107962,""r"":107962},{""a"":""ClubStadium"",""m"":""ClubStadium"",""k"":20140,""r"":107962},{""a"":""Stadium"",""m"":""Stadium"",""k"":1441843,""r"":1441843}]",12064572,Ennahdha Sport de Djemmal,ES Djemmal,ESD,ENN,,160633,Tunisia,1248894,Tunisia,54561,Jemmal,154507,Tunisian Amateur League 1 - Group C,25,2,,,,,80,,,,1938,L'ESD,1026,1095,2000360413,1441843,Stade Municipal de Jemmal,2000
"[{""a"":""Club"",""m"":""Club"",""k"":107963,""r"":107963},{""a"":""ClubStadium"",""m"":""ClubStadium"",""k"":20141,""r"":107963},{""a"":""Stadium"",""m"":""Stadium"",""k"":1441971,""r"":1441971}]",12064575,Croissant Sportif de Redeyef,CS Redeyef,CSR,CRO,CRD,160633,Tunisia,1248894,Tunisia,54562,Redeyef,154483,Ligue Professionnelle 2 - Group B,25,4,,,,,77.31,,,,1958,Le CSR,1086,1000,2000360541,1441971,Stade Municipal de Redeyef,1000
"[{""a"":""Club"",""m"":""Club"",""k"":107964,""r"":107964},{""a"":""ClubStadium"",""m"":""ClubStadium"",""k"":20142,""r"":107964},{""a"":""Stadium"",""m"":""Stadium"",""k"":973183,""r"":973183}]",12064580,Aigle Sportif de Djelma,AS Djelma,ASJ,AIG,,160633,Tunisia,1248894,Tunisia,54563,Jelma,154483,Ligue Professionnelle 2 - Group B,25,2,,,,,81.31,,,,1959,L'ASJ,1000,1146,2019,973183,Stade Municipal de Jelma,2000
"[{""a"":""Club"",""m"":""Club"",""k"":107965,""r"":107965},{""a"":""ClubStadium"",""m"":""ClubStadium"",""k"":20143,""r"":107965},{""a"":""Stadium"",""m"":""Stadium"",""k"":1441970,""r"":1441970}]",12064583,Gazelle Sportive de Moularès,GS Moularès,GSM,GAZ,,160633,Tunisia,1248894,Tunisia,54564,Moularès,1177913,Tunisian Amateur League 2 - Group E,25,4,,,,,0,,,,1920,La GSM,1000,1146,2000360540,1441970,Stade Municipal de Moularès,2000
"[{""a"":""Club"",""m"":""Club"",""k"":107966,""r"":107966},{""a"":""ClubStadium"",""m"":""ClubStadium"",""k"":20144,""r"":107966},{""a"":""Stadium"",""m"":""Stadium"",""k"":1441986,""r"":1441986}]",12064586,Espoir Sportif de Bouchemma,Espoir Bouchemma,ESB,ESP,,160633,Tunisia,1248894,Tunisia,1436305,Bouchemma,154483,Ligue Professionnelle 2 - Group B,25,4,,,,,73,,,,2001,L'ESB,1082,1100,2000360556,1441986,Stade Municipal de Bouchemma,2000
"[{""a"":""Club"",""m"":""Club"",""k"":108681,""r"":108681},{""a"":""ClubStadium"",""m"":""ClubStadium"",""k"":20874,""r"":108681},{""a"":""Stadium"",""m"":""Stadium"",""k"":12384,""r"":12384}]",13117332,Stade Nabeulien,Stade Nabeulien,SN,STA,,160633,Tunisia,1248894,Tunisia,54915,Nabeul,971082,Tunisian Lower Division,38,,,,,,0,,,,1936,Le SN,1063,1018,12064521,12384,Stade Municipal de Nabeul,2000
"[{""a"":""Club"",""m"":""Club"",""k"":108682,""r"":108682},{""a"":""ClubStadium"",""m"":""ClubStadium"",""k"":20875,""r"":108682},{""a"":""Stadium"",""m"":""Stadium"",""k"":12361,""r"":12361}]",13117333,Club Sportif Hilalien,CS Hilalien,CSH,CLU,,160633,Tunisia,1248894,Tunisia,54924,Ksar Hellal,154507,Tunisian Amateur League 1 - Group C,50,3,,,,,76.83,,,,1946,Le CSH,1095,1026,12064259,12361,Stade Municipal de Ksar Hellal,5000
"[{""a"":""Club"",""m"":""Club"",""k"":108683,""r"":108683},{""a"":""ClubStadium"",""m"":""ClubStadium"",""k"":20876,""r"":108683},{""a"":""Stadium"",""m"":""Stadium"",""k"":12377,""r"":12377}]",13117335,Sporting Club de Moknine,SC Moknine,SCMOKN,SCM,MOK,160633,Tunisia,1248894,Tunisia,54537,Moknine,154482,Ligue Professionnelle 2 - Group A,40,3,,,,,81.2,,,,1945,Le Sporting,1000,1146,12064442,12377,Stade Municipal Mongi Slim,6000
"[{""a"":""Club"",""m"":""Club"",""k"":108698,""r"":108698},{""a"":""ClubStadium"",""m"":""ClubStadium"",""k"":20891,""r"":108698},{""a"":""Stadium"",""m"":""Stadium"",""k"":12372,""r"":12372}]",13117682,Vague Sportive de Menzel Abderrahmane,VS Menzel Abderrahmane,VSMA,VAG,,160633,Tunisia,1248894,Tunisia,54542,Menzel Abderrahmane,154481,Tunisian Amateur League 1 - Group A,30,3,,,,,0,,,VSMA,1963,La VSMA,1000,1086,12064409,12372,Stade Municipal Hmaïd El Moujahed,2000
"[{""a"":""Club"",""m"":""Club"",""k"":108699,""r"":108699},{""a"":""ClubStadium"",""m"":""ClubStadium"",""k"":20892,""r"":108699},{""a"":""Stadium"",""m"":""Stadium"",""k"":12646,""r"":12646}]",13117684,Union Sportive de Siliana,US Siliana,USS,UNI,,160633,Tunisia,1248894,Tunisia,54925,Siliana,154506,Tunisian Amateur League 1 - Group B,30,3,,,,,68,,,,1955,L'USS,1000,1146,13183565,12646,Stade de Siliana,2000
"[{""a"":""Club"",""m"":""Club"",""k"":108700,""r"":108700},{""a"":""ClubStadium"",""m"":""ClubStadium"",""k"":20893,""r"":108700},{""a"":""Stadium"",""m"":""Stadium"",""k"":1441932,""r"":1441932}]",13117685,Avenir Sportif de Mohamedia,AS Mohamedia,ASMo,AVE,,160633,Tunisia,1248894,Tunisia,54550,Mohamedia,154481,Tunisian Amateur League 1 - Group A,30,3,,,,,66.5,,,,1979,L'ASM,1022,1044,2000360502,1441932,Stade Municipal de Mohamedia,2000
"[{""a"":""Club"",""m"":""Club"",""k"":108701,""r"":108701},{""a"":""ClubStadium"",""m"":""ClubStadium"",""k"":20894,""r"":108701},{""a"":""Stadium"",""m"":""Stadium"",""k"":1441921,""r"":1441921}]",13117686,Hirondelle Sportive de Kalaa Kebira,HS Kalaa Kebira,HSKK,HIR,,160633,Tunisia,1248894,Tunisia,54567,Kalaa Kebira,154507,Tunisian Amateur League 1 - Group C,20,4,,,,,73.8,,,,1960,,1004,1000,2000360491,1441921,Stade Municipal de Kalaa Kebira,1500
"[{""a"":""Club"",""m"":""Club"",""k"":108702,""r"":108702},{""a"":""ClubStadium"",""m"":""ClubStadium"",""k"":20895,""r"":108702},{""a"":""Stadium"",""m"":""Stadium"",""k"":12378,""r"":12378}]",13117687,Sporting Club de Ben Arous,SC Ben Arous,SCBA,SPO,,160633,Tunisia,1248894,Tunisia,54536,Ben Arous,154482,Ligue Professionnelle 2 - Group A,45,3,,,,,79.5,,,,1945,Le Sporting,1000,1004,12064452,12378,Stade Municipal de Ben Arous,2000
"[{""a"":""Club"",""m"":""Club"",""k"":108703,""r"":108703},{""a"":""ClubStadium"",""m"":""ClubStadium"",""k"":20921,""r"":108703},{""a"":""Stadium"",""m"":""Stadium"",""k"":12379,""r"":12379}]",13117689,Enfidha Sports,Enfidha Sports,ES,ENF,,160633,Tunisia,1248894,Tunisia,54534,Enfida,1177505,Tunisian Amateur League 2 - Group B,42,1,,,,,0,,,,1939,L'ES,1095,1000,12064462,12379,Stade Municipal Salah Braiek,2000
"[{""a"":""Club"",""m"":""Club"",""k"":108704,""r"":108704},{""a"":""ClubStadium"",""m"":""ClubStadium"",""k"":20922,""r"":108704},{""a"":""Stadium"",""m"":""Stadium"",""k"":1442207,""r"":1442207}]",13117691,Dahmani Athlétique Club,Dahmani AC,DAC,DAH,,160633,Tunisia,1248894,Tunisia,54568,Dahmani,154506,Tunisian Amateur League 1 - Group B,20,3,,,,,0,,,,1932,,1026,1004,2000360777,1442207,Stade de Dahmani,1500
"[{""a"":""Club"",""m"":""Club"",""k"":108705,""r"":108705},{""a"":""ClubStadium"",""m"":""ClubStadium"",""k"":20923,""r"":108705},{""a"":""Stadium"",""m"":""Stadium"",""k"":12373,""r"":12373}]",13117693,Mouloudia Sportive de la Manouba,MS Manouba,MSM,,,160633,Tunisia,1248894,Tunisia,54543,La Manouba,,,34,,,,,,0,1,,,,La MSM,1000,1092,12064413,12373,Stade Municipal de Manouba,2000
"[{""a"":""Club"",""m"":""Club"",""k"":108706,""r"":108706},{""a"":""ClubStadium"",""m"":""ClubStadium"",""k"":20924,""r"":108706},{""a"":""Stadium"",""m"":""Stadium"",""k"":1441934,""r"":1441934}]",13117694,Club Sportif de Menzel Bouzelfa,CS Menzel Bouzelfa,CSMB,CLU,,160633,Tunisia,1248894,Tunisia,54551,Menzel Bouzelfa,154481,Tunisian Amateur League 1 - Group A,30,4,,,,,76.5,,,,1944,,1063,1000,2000360504,1441934,Stade Municipal de Menzel Bouzelfa,2000
"[{""a"":""Club"",""m"":""Club"",""k"":108707,""r"":108707},{""a"":""ClubStadium"",""m"":""ClubStadium"",""k"":20925,""r"":108707},{""a"":""Stadium"",""m"":""Stadium"",""k"":1441961,""r"":1441961}]",13117711,Étoile Sportive d'El Jem,ES El Jem,ESEJ,ÉTO,,160633,Tunisia,1248894,Tunisia,54549,El Jem,1177506,Tunisian Amateur League 2 - Group C,20,4,,,,,70,,,,1962,L'ESEJ,1006,1000,2000360531,1441961,Stade Tahar Ben Hassen,1000
"[{""a"":""Club"",""m"":""Club"",""k"":108708,""r"":108708},{""a"":""ClubStadium"",""m"":""ClubStadium"",""k"":20926,""r"":108708},{""a"":""Stadium"",""m"":""Stadium"",""k"":12383,""r"":12383}]",13117712,Étoile Sportive de Fériana,ES Fériana,ESF,ÉTO,,160633,Tunisia,1248894,Tunisia,54548,Fériana,154506,Tunisian Amateur League 1 - Group B,20,,,,,,73.5,,,,1948,L'ESF,1000,1146,12064488,12383,Stade Municipal de Fériana,1500
"[{""a"":""Club"",""m"":""Club"",""k"":108709,""r"":108709},{""a"":""ClubStadium"",""m"":""ClubStadium"",""k"":20927,""r"":108709},{""a"":""Stadium"",""m"":""Stadium"",""k"":12382,""r"":12382}]",13117713,Envoi Sportif de Regueb,ES Regueb,ESR,ENV,,160633,Tunisia,1248894,Tunisia,54547,Regueb,1177509,Tunisian Amateur League 2 - Group F,33,3,,,,,65,,,,1963,L'ESR,1000,1146,12064483,12382,Stade Municipal de Regueb,2000
"[{""a"":""Club"",""m"":""Club"",""k"":108710,""r"":108710},{""a"":""ClubStadium"",""m"":""ClubStadium"",""k"":20928,""r"":108710},{""a"":""Stadium"",""m"":""Stadium"",""k"":12381,""r"":12381}]",13117715,Stade Sportif Gafsien,SS Gafsien,SSG,STA,,160633,Tunisia,1248894,Tunisia,53259,Gafsa,154565,Tunisian Amateur League 1 - Group D,30,2,,,,,68,,,,1962,Le Stade,1000,1004,12064477,12381,Stade Mohamed Gamoudi,1000
"[{""a"":""Club"",""m"":""Club"",""k"":108711,""r"":108711},{""a"":""ClubStadium"",""m"":""ClubStadium"",""k"":20929,""r"":108711},{""a"":""Stadium"",""m"":""Stadium"",""k"":12376,""r"":12376}]",13117716,Union Sportive de Ksour Essef,US Ksour Essef,USKE,UNI,,160633,Tunisia,1248894,Tunisia,54545,Ksour Essef,154483,Ligue Professionnelle 2 - Group B,36,3,,,,,76.4,,,,1957,L'USKE,1000,1063,12064437,12376,Stade Municipal de Ksour Essef,2000
"[{""a"":""Club"",""m"":""Club"",""k"":108712,""r"":108712},{""a"":""ClubStadium"",""m"":""ClubStadium"",""k"":20930,""r"":108712},{""a"":""Stadium"",""m"":""Stadium"",""k"":12380,""r"":12380}]",13117717,Union Sportive Métouienne,US Métouia,USM,UNI,,160633,Tunisia,1248894,Tunisia,54546,Métouia,1177509,Tunisian Amateur League 2 - Group F,25,4,,,,,69,,,,1965,L'USM,1063,1000,12064473,12380,Stade Municipal de Métouia,2000
"[{""a"":""Club"",""m"":""Club"",""k"":109198,""r"":109198},{""a"":""ClubStadium"",""m"":""ClubStadium"",""k"":21389,""r"":109198},{""a"":""Stadium"",""m"":""Stadium"",""k"":12896,""r"":12896}]",13170097,Union Sportive de Tataouine,Union Tataouine,USTATA,UST,USTT,160633,Tunisia,1248894,Tunisia,54566,Tataouine,154466,Ligue Professionnelle 1,70,4,1278452,Hazem Mounadi,1157323,Nidhal Ben Salem,84.19,,,USTataouine,1996,E'Tihha,1099,1006,13207264,12896,Stade Néjib Khattab,3500
"[{""a"":""Club"",""m"":""Club"",""k"":109199,""r"":109199},{""a"":""ClubStadium"",""m"":""ClubStadium"",""k"":21390,""r"":109199},{""a"":""Stadium"",""m"":""Stadium"",""k"":1093628,""r"":1093628}]",13170335,Croissant Sportif de Chebba,Croissant Chebba,CSCH,CSCH,CSC,160633,Tunisia,1248894,Tunisia,55427,Chebba,154483,Ligue Professionnelle 2 - Group B,70,3,1202431,Walid Sahli,,,83.25,,,,1960,Les Chebbiens,1063,1000,2000017360,1093628,Stade Municipal de La Chebba,
"[{""a"":""Club"",""m"":""Club"",""k"":109201,""r"":109201},{""a"":""ClubStadium"",""m"":""ClubStadium"",""k"":21392,""r"":109201},{""a"":""Stadium"",""m"":""Stadium"",""k"":972158,""r"":972158}]",13170338,Progrès Sportif de Sakiet Eddaier,PS Sakiet Eddaier,,PSSE,,160633,Tunisia,1248894,Tunisia,1436337,Sakiet Eddaier,154483,Ligue Professionnelle 2 - Group B,25,1,,,,,83.5,,,,1965,,1000,1095,13215478,972158,Stade Municipal de Sakiet Eddaier,1000
"[{""a"":""Club"",""m"":""Club"",""k"":109202,""r"":109202},{""a"":""ClubStadium"",""m"":""ClubStadium"",""k"":21393,""r"":109202},{""a"":""Stadium"",""m"":""Stadium"",""k"":12305,""r"":12305}]",13170340,Jeunesse Sportive de La Soukra,JS La Soukra,,JEU,,160633,Tunisia,1248894,Tunisia,1436310,La Soukra,971082,Tunisian Lower Division,30,,,,,,0,,,,1975,,1000,1063,12019364,12305,Stade Municipal de Borj Louzir,
"[{""a"":""Club"",""m"":""Club"",""k"":109204,""r"":109204},{""a"":""ClubStadium"",""m"":""ClubStadium"",""k"":21395,""r"":109204},{""a"":""Stadium"",""m"":""Stadium"",""k"":973173,""r"":973173}]",13170342,Avenir Sportif de Soliman,Avenir Soliman,ASS,ASS,SOL,160633,Tunisia,1248894,Tunisia,54383,Soliman,154466,Ligue Professionnelle 1,80,3,,,,,87.94,,,Solimane,1960,Slimanya,1054,1000,2009,973173,Stade Municipal de Soliman,2500
"[{""a"":""Club"",""m"":""Club"",""k"":109206,""r"":109206},{""a"":""ClubStadium"",""m"":""ClubStadium"",""k"":21396,""r"":109206},{""a"":""Stadium"",""m"":""Stadium"",""k"":1405,""r"":1405}]",13170344,Club Sportif Hadjeb El Ayoun,CS Hadjeb El Ayoun,CSHA,CLU,,160633,Tunisia,1248894,Tunisia,973266,Hajeb El Ayoun,154506,Tunisian Amateur League 1 - Group B,30,4,,,,,71.2,,,,1964,,1000,1048,105261,1405,Stade Hajeb El Ayoun,
"[{""a"":""Club"",""m"":""Club"",""k"":109207,""r"":109207},{""a"":""ClubStadium"",""m"":""ClubStadium"",""k"":21397,""r"":109207},{""a"":""Stadium"",""m"":""Stadium"",""k"":1441966,""r"":1441966}]",13170345,Espoir Sportif de Haffouz,ES Haffouz,ESH,ESP,,160633,Tunisia,1248894,Tunisia,973242,Haffouz,1177507,Tunisian Amateur League 2 - Group D,30,,,,,,65,,,,1962,,1004,1026,2000360536,1441966,Stade Municipal de Haffouz,
"[{""a"":""Club"",""m"":""Club"",""k"":109413,""r"":109413},{""a"":""ClubStadium"",""m"":""ClubStadium"",""k"":21589,""r"":109413},{""a"":""Stadium"",""m"":""Stadium"",""k"":1441927,""r"":1441927}]",13183572,Club Sportif Hergla,CS Hergla,CSHe,CLU,,160633,Tunisia,1248894,Tunisia,55285,Hergla,1177505,Tunisian Amateur League 2 - Group B,30,,,,,,0,,,,1976,,1092,1000,2000360497,1441927,Stade Municipal de Hergla,
"[{""a"":""Club"",""m"":""Club"",""k"":109538,""r"":109538},{""a"":""ClubStadium"",""m"":""ClubStadium"",""k"":21713,""r"":109538},{""a"":""Stadium"",""m"":""Stadium"",""k"":1441980,""r"":1441980}]",13187320,Aigle Sportif de Metline,AS Metline,,AIG,,160633,Tunisia,1248894,Tunisia,973287,Metline,971082,Tunisian Lower Division,25,,,,,,0,,,,1980,,1047,1022,2000360550,1441980,Stade Municipal de Metline,
"[{""a"":""Club"",""m"":""Club"",""k"":109539,""r"":109539},{""a"":""ClubStadium"",""m"":""ClubStadium"",""k"":21714,""r"":109539},{""a"":""Stadium"",""m"":""Stadium"",""k"":1441952,""r"":1441952}]",13187321,Réussite Sportive de Sbiba,RS Sbiba,,RÉU,,160633,Tunisia,1248894,Tunisia,973290,Sbiba,1177507,Tunisian Amateur League 2 - Group D,20,,,,,,0,,,,1975,,1000,1006,2000360522,1441952,Stade Municipal de Sbiba,
"[{""a"":""Club"",""m"":""Club"",""k"":109540,""r"":109540},{""a"":""ClubStadium"",""m"":""ClubStadium"",""k"":21715,""r"":109540},{""a"":""Stadium"",""m"":""Stadium"",""k"":11891,""r"":11891}]",13187322,Avenir Sportif Keffois de Barnoussa,AS Keffois de Barnoussa,,AVE,,160633,Tunisia,1248894,Tunisia,53258,Le Kef,971082,Tunisian Lower Division,20,,,,,,0,,,,1979,,1006,1004,8629449,11891,Stade Ben Jileni,
"[{""a"":""Club"",""m"":""Club"",""k"":109541,""r"":109541},{""a"":""ClubStadium"",""m"":""ClubStadium"",""k"":21716,""r"":109541},{""a"":""Stadium"",""m"":""Stadium"",""k"":973186,""r"":973186}]",13187323,Étoile Sportive de Oueslatia,ES Oueslatia,,ÉTO,,160633,Tunisia,1248894,Tunisia,973288,Oueslatia,1177507,Tunisian Amateur League 2 - Group D,20,,,,,,70,,,,1962,,1000,1146,2022,973186,Stade Municipal de Oueslatia,
"[{""a"":""Club"",""m"":""Club"",""k"":109542,""r"":109542},{""a"":""ClubStadium"",""m"":""ClubStadium"",""k"":21717,""r"":109542},{""a"":""Stadium"",""m"":""Stadium"",""k"":1158811,""r"":1158811}]",13187324,Avenir Sportif de Rejiche,Avenir Rejiche,ASR,ASR,,160633,Tunisia,1248894,Tunisia,973285,Rejiche,1177506,Tunisian Amateur League 2 - Group C,75,3,,,,,74.86,,,,1980,,1048,1000,2000081495,1158811,Stade de Rejiche,
"[{""a"":""Club"",""m"":""Club"",""k"":109543,""r"":109543},{""a"":""ClubStadium"",""m"":""ClubStadium"",""k"":21718,""r"":109543},{""a"":""Stadium"",""m"":""Stadium"",""k"":1441847,""r"":1441847}]",13187325,Club Sportif de Bembla,CS Bembla,,CLU,,160633,Tunisia,1248894,Tunisia,1436343,Bembla Et Mnara,1177506,Tunisian Amateur League 2 - Group C,20,,,,,,67,,,,1963,,1005,1000,2000360417,1441847,Stade de Bembla,
"[{""a"":""Club"",""m"":""Club"",""k"":109545,""r"":109545},{""a"":""ClubStadium"",""m"":""ClubStadium"",""k"":21720,""r"":109545},{""a"":""Stadium"",""m"":""Stadium"",""k"":1441869,""r"":1441869}]",13187327,Zitouna Sportive de Chammakh,ZS Chammakh,,ZIT,,160633,Tunisia,1248894,Tunisia,48641,Zarzis,1177509,Tunisian Amateur League 2 - Group F,20,,,,,,73.21,,,,1976,,1044,1000,2000360439,1441869,Stade de Chammakh,
"[{""a"":""Club"",""m"":""Club"",""k"":109915,""r"":109915},{""a"":""ClubStadium"",""m"":""ClubStadium"",""k"":22087,""r"":109915},{""a"":""Stadium"",""m"":""Stadium"",""k"":1441848,""r"":1441848}]",13200775,Avenir Sportif de Sbikha,AS Sbikha,Sbikha,ASS,,160633,Tunisia,1248894,Tunisia,973286,Sbikha,1177505,Tunisian Amateur League 2 - Group B,50,,,,,,70.89,,,,1961,,1146,1063,2000360418,1441848,Stade Municipal de Sbikha,
"[{""a"":""Club"",""m"":""Club"",""k"":109916,""r"":109916},{""a"":""ClubStadium"",""m"":""ClubStadium"",""k"":22088,""r"":109916},{""a"":""Stadium"",""m"":""Stadium"",""k"":12373,""r"":12373}]",13200777,Jeunesse Sportive Manouba,Jeunesse Manouba,,JEU,,160633,Tunisia,1248894,Tunisia,54543,La Manouba,154481,Tunisian Amateur League 1 - Group A,20,4,,,,,64.33,,,,2002,,1000,1144,12064413,12373,Stade Municipal de Manouba,
"[{""a"":""Club"",""m"":""Club"",""k"":979420,""r"":979420},{""a"":""ClubStadium"",""m"":""ClubStadium"",""k"":22863,""r"":979420},{""a"":""Stadium"",""m"":""Stadium"",""k"":1441922,""r"":1441922}]",13231835,Croissant Sportif d'Akouda,CS Akouda,,CRO,,160633,Tunisia,1248894,Tunisia,1436326,Akouda,1177505,Tunisian Amateur League 2 - Group B,10,1,,,,,55,,,,1959,,1006,1001,2000360492,1441922,Stade Municipal d'Akouda,100
"[{""a"":""Club"",""m"":""Club"",""k"":979424,""r"":979424},{""a"":""ClubStadium"",""m"":""ClubStadium"",""k"":22867,""r"":979424},{""a"":""Stadium"",""m"":""Stadium"",""k"":1441968,""r"":1441968}]",13232159,US Borj El Amri,US Borj El Amri,,USB,,160633,Tunisia,1248894,Tunisia,1436282,Borj El Amri,1177912,Tunisian Amateur League 2 - Group A,10,,,,,,0,,,,1967,,1000,1146,2000360538,1441968,Stade de Borj El Amri,
"[{""a"":""Club"",""m"":""Club"",""k"":979426,""r"":979426},{""a"":""ClubStadium"",""m"":""ClubStadium"",""k"":22869,""r"":979426},{""a"":""Stadium"",""m"":""Stadium"",""k"":1441842,""r"":1441842}]",13233741,Flèche Sportive de Zéramdine,FS Zéramdine,,FLÈ,,160633,Tunisia,1248894,Tunisia,979089,Zéramdine,971082,Tunisian Lower Division,10,3,,,,,0,,,,1962,,1004,1026,2000360412,1441842,Stade de Zéramdine,
"[{""a"":""Club"",""m"":""Club"",""k"":1158762,""r"":1158762},{""a"":""ClubStadium"",""m"":""ClubStadium"",""k"":75867,""r"":1158762},{""a"":""Stadium"",""m"":""Stadium"",""k"":1158765,""r"":1158765}]",2000081451,Astre Sportif d'Agareb,Astre Agareb,ASA,AST,,160633,Tunisia,1248894,Tunisia,1158763,Agareb,154483,Ligue Professionnelle 2 - Group B,25,4,,,,,81.69,,,,1969,,1000,1006,2000081454,1158765,Stade de Agareb,500
"[{""a"":""Club"",""m"":""Club"",""k"":1158769,""r"":1158769},{""a"":""ClubStadium"",""m"":""ClubStadium"",""k"":75870,""r"":1158769},{""a"":""Stadium"",""m"":""Stadium"",""k"":1158770,""r"":1158770}]",2000081458,Oasis Sportive Kébili,OS Kébili,OSK,OAS,,160633,Tunisia,1248894,Tunisia,54565,Kébili,154565,Tunisian Amateur League 1 - Group D,27,,,,,,79,,,,1964,,1000,1056,2000081459,1158770,Stade Municipal Belgacem Mahrez,
"[{""a"":""Club"",""m"":""Club"",""k"":1172456,""r"":1172456},{""a"":""ClubStadium"",""m"":""ClubStadium"",""k"":76426,""r"":1172456},{""a"":""Stadium"",""m"":""Stadium"",""k"":1172453,""r"":1172453}]",2000094807,Astre Sportif de Menzel Ennour,AS Menzel Ennour,ASME,AST,,160633,Tunisia,1248894,Tunisia,1172452,Menzel Ennour,154507,Tunisian Amateur League 1 - Group C,45,4,,,,,77,,,,1977,,1000,1004,2000094804,1172453,Stade Municipal de Menzel Ennour,
"[{""a"":""Club"",""m"":""Club"",""k"":1177924,""r"":1177924},{""a"":""ClubStadium"",""m"":""ClubStadium"",""k"":76818,""r"":1177924},{""a"":""Stadium"",""m"":""Stadium"",""k"":1441967,""r"":1441967}]",2000100109,Jeunesse Sportive du Tebourba,JS Tebourba,JST,JEU,,160633,Tunisia,1248894,Tunisia,1177926,Tebourba,971082,Tunisian Lower Division,20,,,,,,0,,,,1925,,1006,1000,2000360537,1441967,Stade de Tebourba,
"[{""a"":""Club"",""m"":""Club"",""k"":1177942,""r"":1177942},{""a"":""ClubStadium"",""m"":""ClubStadium"",""k"":76819,""r"":1177942},{""a"":""Stadium"",""m"":""Stadium"",""k"":1441946,""r"":1441946}]",2000100127,Corail Sportif de Tabarka,CS Tabarka,CST,COR,,160633,Tunisia,1248894,Tunisia,1178148,Tabarka,154506,Tunisian Amateur League 1 - Group B,20,2,,,,,76.14,,,CST,1938,,1086,1000,2000360516,1441946,Stade de Tabarka,
"[{""a"":""Club"",""m"":""Club"",""k"":1178150,""r"":1178150},{""a"":""ClubStadium"",""m"":""ClubStadium"",""k"":76826,""r"":1178150},{""a"":""Stadium"",""m"":""Stadium"",""k"":12371,""r"":12371}]",2000100334,Union Sportive De Boussalem,US Boussalem,USB,UNI,,160633,Tunisia,1248894,Tunisia,1178152,Boussalem,154482,Ligue Professionnelle 2 - Group A,20,2,,,,,75.86,,,USB,1924,,1099,1006,12064404,12371,Stade Municipal de Bou Salem,
"[{""a"":""Club"",""m"":""Club"",""k"":1178160,""r"":1178160},{""a"":""ClubStadium"",""m"":""ClubStadium"",""k"":76828,""r"":1178160},{""a"":""Stadium"",""m"":""Stadium"",""k"":1441949,""r"":1441949}]",2000100342,Wided Sportif Sers,WS Sers,WSS,WID,,160633,Tunisia,1248894,Tunisia,1178161,Sers,154565,Tunisian Amateur League 1 - Group D,15,,,,,,65.5,,,WSS,1963,,1004,1027,2000360519,1441949,Stade du Sers,
"[{""a"":""Club"",""m"":""Club"",""k"":1178987,""r"":1178987},{""a"":""ClubStadium"",""m"":""ClubStadium"",""k"":76896,""r"":1178987},{""a"":""Stadium"",""m"":""Stadium"",""k"":1441990,""r"":1441990}]",2000101167,Baâth Sportif de Bou Hajla,BS Bou Hajla,BSB,BAÂ,,160633,Tunisia,1248894,Tunisia,1178988,Bou Hajla,154483,Ligue Professionnelle 2 - Group B,15,4,,,,,79.75,,,,1963,,1044,1000,2000360560,1441990,Stade de Bou Hajla,500
"[{""a"":""Club"",""m"":""Club"",""k"":1178997,""r"":1178997},{""a"":""ClubStadium"",""m"":""ClubStadium"",""k"":76900,""r"":1178997},{""a"":""Stadium"",""m"":""Stadium"",""k"":973185,""r"":973185}]",2000101177,Club Sportif de Jebeniana,CS Jebeniana,CSJ,CLU,,160633,Tunisia,1248894,Tunisia,1178999,Jebeniana,154507,Tunisian Amateur League 1 - Group C,20,,,,,,74.17,,,,1961,,1006,1022,2021,973185,Stade de Jebeniana,
"[{""a"":""Club"",""m"":""Club"",""k"":1179073,""r"":1179073},{""a"":""ClubStadium"",""m"":""ClubStadium"",""k"":76907,""r"":1179073},{""a"":""Stadium"",""m"":""Stadium"",""k"":1441857,""r"":1441857}]",2000101253,Wydad Sportif de Hamma,WS Hamma,WSH,WYD,,160633,Tunisia,1248894,Tunisia,55289,El Hamma,1177509,Tunisian Amateur League 2 - Group F,20,4,,,,,75.25,,,,1974,,1006,1000,2000360427,1441857,Stade Municipal d'El Hamma,
"[{""a"":""Club"",""m"":""Club"",""k"":1179074,""r"":1179074},{""a"":""ClubStadium"",""m"":""ClubStadium"",""k"":76908,""r"":1179074},{""a"":""Stadium"",""m"":""Stadium"",""k"":1441954,""r"":1441954}]",2000101254,Stade Sportive de Meknassi,SS Meknassi,SSM,STA,,160633,Tunisia,1248894,Tunisia,1436332,Meknassi,971082,Tunisian Lower Division,25,,,,,,0,,,,1962,,1094,1022,2000360524,1441954,Stade de Meknassi,
"[{""a"":""Club"",""m"":""Club"",""k"":1179075,""r"":1179075},{""a"":""ClubStadium"",""m"":""ClubStadium"",""k"":76909,""r"":1179075},{""a"":""Stadium"",""m"":""Stadium"",""k"":12374,""r"":12374}]",2000101255,Mine Sportive de Métlaoui,MS Métlaoui,MSM,MIN,,160633,Tunisia,1248894,Tunisia,54535,Métlaoui,971082,Tunisian Lower Division,20,,,,,,0,,,,1970,,1000,1092,12064416,12374,Stade Olympique de Métlaoui,
"[{""a"":""Club"",""m"":""Club"",""k"":1179077,""r"":1179077},{""a"":""ClubStadium"",""m"":""ClubStadium"",""k"":76910,""r"":1179077},{""a"":""Stadium"",""m"":""Stadium"",""k"":1441851,""r"":1441851}]",2000101257,Avenir Sportive Lala de Gafsa,AS Lala,,AVE,,160633,Tunisia,1248894,Tunisia,1436297,Lala,971082,Tunisian Lower Division,15,,,,,,72.5,,,,1965,,1098,1000,2000360421,1441851,Stade Municipal de Lala,
"[{""a"":""Club"",""m"":""Club"",""k"":1179078,""r"":1179078},{""a"":""ClubStadium"",""m"":""ClubStadium"",""k"":76911,""r"":1179078},{""a"":""Stadium"",""m"":""Stadium"",""k"":1441973,""r"":1441973}]",2000101258,Football Club de Mdhilla,FC Mdhilla,,FOO,,160633,Tunisia,1248894,Tunisia,53286,Mdhila,154565,Tunisian Amateur League 1 - Group D,23,,,,,,0,,,,1921,,1000,1006,2000360543,1441973,Stade Municipal de Mdhila,
"[{""a"":""Club"",""m"":""Club"",""k"":1195820,""r"":1195820},{""a"":""ClubStadium"",""m"":""ClubStadium"",""k"":77900,""r"":1195820},{""a"":""Stadium"",""m"":""Stadium"",""k"":1441943,""r"":1441943}]",2000117939,Union Sportive de Djedaida,US Djedaida,,UNI,,160633,Tunisia,1248894,Tunisia,1436347,Djedeïda,154481,Tunisian Amateur League 1 - Group A,15,1,,,,,0,,,USD,1973,,1090,1000,2000360513,1441943,Stade Municipal de Djedeida,
"[{""a"":""Club"",""m"":""Club"",""k"":1195841,""r"":1195841},{""a"":""ClubStadium"",""m"":""ClubStadium"",""k"":77921,""r"":1195841},{""a"":""Stadium"",""m"":""Stadium"",""k"":1441944,""r"":1441944}]",2000117960,El Alia Sport,Alia Sport,,ELA,,160633,Tunisia,1248894,Tunisia,1436307,El Alia,1177912,Tunisian Amateur League 2 - Group A,15,3,,,,,75,,,,1965,,1048,1000,2000360514,1441944,Stade Municipal d'El Alia,
"[{""a"":""Club"",""m"":""Club"",""k"":1195843,""r"":1195843},{""a"":""ClubStadium"",""m"":""ClubStadium"",""k"":77922,""r"":1195843},{""a"":""Stadium"",""m"":""Stadium"",""k"":1442220,""r"":1442220}]",2000117962,Avenir Sportif de Nefza,AS Nefza,,AVE,,160633,Tunisia,1248894,Tunisia,1436309,Nefza,971082,Tunisian Lower Division,15,3,,,,,70,,,ASN,1960,,1022,1004,2000360790,1442220,Stade de Nefza,
"[{""a"":""Club"",""m"":""Club"",""k"":1195845,""r"":1195845},{""a"":""ClubStadium"",""m"":""ClubStadium"",""k"":77923,""r"":1195845},{""a"":""Stadium"",""m"":""Stadium"",""k"":1441977,""r"":1441977}]",2000117964,Avenir Sportif Ettadhamen,AS Ettadhamen,,AVE,,160633,Tunisia,1248894,Tunisia,1436311,Ettadhamen,1177912,Tunisian Amateur League 2 - Group A,15,4,,,,,0,,,,1984,,1006,1000,2000360547,1441977,Stade El Mestiri,
"[{""a"":""Club"",""m"":""Club"",""k"":1195849,""r"":1195849},{""a"":""ClubStadium"",""m"":""ClubStadium"",""k"":77924,""r"":1195849},{""a"":""Stadium"",""m"":""Stadium"",""k"":1441930,""r"":1441930}]",2000117968,Union Sportive Zriba,US Zriba,,USZ,,160633,Tunisia,1248894,Tunisia,1436360,Zriba,1177912,Tunisian Amateur League 2 - Group A,25,3,,,,,79,,,,1973,,1091,1000,2000360500,1441930,Stade Municipal de Zriba Hammem,
"[{""a"":""Club"",""m"":""Club"",""k"":1195850,""r"":1195850},{""a"":""ClubStadium"",""m"":""ClubStadium"",""k"":77925,""r"":1195850},{""a"":""Stadium"",""m"":""Stadium"",""k"":1441931,""r"":1441931}]",2000117969,Bir Mcherga Sport,Bir Mcherga,,BSC,,160633,Tunisia,1248894,Tunisia,1436318,Bir Mcherga,154481,Tunisian Amateur League 1 - Group A,24,3,,,,,0,,,,1962,,1082,1000,2000360501,1441931,Stade Mohamed Ben Belgacem,
"[{""a"":""Club"",""m"":""Club"",""k"":1195851,""r"":1195851},{""a"":""ClubStadium"",""m"":""ClubStadium"",""k"":77926,""r"":1195851},{""a"":""Stadium"",""m"":""Stadium"",""k"":1441933,""r"":1441933}]",2000117970,Union Sportive de Borj Cedria,US Borj Cedria,USBC,UNI,,160633,Tunisia,1248894,Tunisia,1436308,Borj Cédria,1177912,Tunisian Amateur League 2 - Group A,30,1,,,,,69,,,,1980,,1120,1000,2000360503,1441933,Stade Municipal de Borj Cédria,
"[{""a"":""Club"",""m"":""Club"",""k"":1195863,""r"":1195863},{""a"":""ClubStadium"",""m"":""ClubStadium"",""k"":77927,""r"":1195863},{""a"":""Stadium"",""m"":""Stadium"",""k"":1441929,""r"":1441929}]",2000117982,Union Sportive de Kelibia,US Kelibia,,USK,,160633,Tunisia,1248894,Tunisia,1436338,Kélibia,154481,Tunisian Amateur League 1 - Group A,15,2,,,,,75.5,,,,1970,,1006,1094,2000360499,1441929,Stade Municipal de Kélibia,
"[{""a"":""Club"",""m"":""Club"",""k"":1195864,""r"":1195864},{""a"":""ClubStadium"",""m"":""ClubStadium"",""k"":77928,""r"":1195864},{""a"":""Stadium"",""m"":""Stadium"",""k"":1441840,""r"":1441840}]",2000117983,Lion Sportif Ksibet Sousse,LS Ksibet Sousse,,USK,,160633,Tunisia,1248894,Tunisia,1436418,Ksibet Thrayet,971082,Tunisian Lower Division,15,3,,,,,0,,,,1961,,1094,1000,2000360410,1441840,Stade Municipal de Ksibet Sousse,
"[{""a"":""Club"",""m"":""Club"",""k"":1195865,""r"":1195865},{""a"":""ClubStadium"",""m"":""ClubStadium"",""k"":77929,""r"":1195865},{""a"":""Stadium"",""m"":""Stadium"",""k"":1441920,""r"":1441920}]",2000117984,Football Club Ezzouhour,FC Ezzouhour,,FCE,,160633,Tunisia,1248894,Tunisia,1436328,Ezzouhour (Sousse),971082,Tunisian Lower Division,15,4,,,,,0,,,,1989,,1022,1098,2000360490,1441920,Stade d'Ezzouhour Sousse,
"[{""a"":""Club"",""m"":""Club"",""k"":1195867,""r"":1195867},{""a"":""ClubStadium"",""m"":""ClubStadium"",""k"":77930,""r"":1195867},{""a"":""Stadium"",""m"":""Stadium"",""k"":1441960,""r"":1441960}]",2000117986,Mechaâl Sportif de Souassi,MS Souassi,,MEC,MSS,160633,Tunisia,1248894,Tunisia,1436285,Es-Souassi,154507,Tunisian Amateur League 1 - Group C,15,4,,,,,75,,,,1963,,1000,1006,2000360530,1441960,Stade Municipal d'Essouassi,
"[{""a"":""Club"",""m"":""Club"",""k"":1195868,""r"":1195868},{""a"":""ClubStadium"",""m"":""ClubStadium"",""k"":77931,""r"":1195868},{""a"":""Stadium"",""m"":""Stadium"",""k"":1441844,""r"":1441844}]",2000117987,Baath Sport Bennane,BS Bennane,,BSB,,160633,Tunisia,1248894,Tunisia,1436342,Bennane Bodheur,1177506,Tunisian Amateur League 2 - Group C,10,2,,,,,0,,,BSB,1965,,1000,1056,2000360414,1441844,Stade Municipal de Bennane,
"[{""a"":""Club"",""m"":""Club"",""k"":1195869,""r"":1195869},{""a"":""ClubStadium"",""m"":""ClubStadium"",""k"":77932,""r"":1195869},{""a"":""Stadium"",""m"":""Stadium"",""k"":1441866,""r"":1441866}]",2000117988,Éclair Sportif De Béni Hassene,ES Beni Hassan,,ESBH,,160633,Tunisia,1248894,Tunisia,1436344,Beni Hassen,971082,Tunisian Lower Division,10,3,,,,,72,,,ESBH,1959,,1022,1004,2000360436,1441866,Stade Municipal de Béni Hassene,
"[{""a"":""Club"",""m"":""Club"",""k"":1195870,""r"":1195870},{""a"":""ClubStadium"",""m"":""ClubStadium"",""k"":77933,""r"":1195870},{""a"":""Stadium"",""m"":""Stadium"",""k"":1441963,""r"":1441963}]",2000117989,Club Sportif Hazegue,CS Hazegue,,CSH,,160633,Tunisia,1248894,Tunisia,1436336,Hazeg-El Allouza,1177506,Tunisian Amateur League 2 - Group C,10,3,,,,,0,,,CSH,1984,,1000,1004,2000360533,1441963,Stade du Hazeg,
"[{""a"":""Club"",""m"":""Club"",""k"":1195971,""r"":1195971},{""a"":""ClubStadium"",""m"":""ClubStadium"",""k"":77934,""r"":1195971},{""a"":""Stadium"",""m"":""Stadium"",""k"":1441965,""r"":1441965}]",2000118090,Étoile Sportive Alaouite,ES Alaouite,,ESA,,160633,Tunisia,1248894,Tunisia,1436296,El Alâa,971082,Tunisian Lower Division,20,2,,,,,69,,,,1979,,1000,1063,2000360535,1441965,Stade d'El Alâa,
"[{""a"":""Club"",""m"":""Club"",""k"":1195972,""r"":1195972},{""a"":""ClubStadium"",""m"":""ClubStadium"",""k"":77935,""r"":1195972},{""a"":""Stadium"",""m"":""Stadium"",""k"":1441955,""r"":1441955}]",2000118091,Union Sportive Chebika,US Chebika,,USC,,160633,Tunisia,1248894,Tunisia,1436294,Chebika,1177505,Tunisian Amateur League 2 - Group B,20,2,,,,,74.67,,,,1980,,1000,1048,2000360525,1441955,Stade de Chebika,
"[{""a"":""Club"",""m"":""Club"",""k"":1195975,""r"":1195975},{""a"":""ClubStadium"",""m"":""ClubStadium"",""k"":77936,""r"":1195975},{""a"":""Stadium"",""m"":""Stadium"",""k"":1441947,""r"":1441947}]",2000118094,Espérance Sportive Kribienne,ES Kribienne,,ESK,,160633,Tunisia,1248894,Tunisia,1436330,El Krib,154506,Tunisian Amateur League 1 - Group B,20,3,,,,,75,,,,1977,,1022,1006,2000360517,1441947,Stade d'El Krib,
"[{""a"":""Club"",""m"":""Club"",""k"":1195976,""r"":1195976},{""a"":""ClubStadium"",""m"":""ClubStadium"",""k"":77937,""r"":1195976},{""a"":""Stadium"",""m"":""Stadium"",""k"":1441849,""r"":1441849}]",2000118095,Nasrallah Sport,Nasrallah Sport,,NS,,160633,Tunisia,1248894,Tunisia,1436295,Nasrallah,1177507,Tunisian Amateur League 2 - Group D,15,3,,,,,0,,,,1964,,1048,1006,2000360419,1441849,Stade Municipal de Nasrallah,
"[{""a"":""Club"",""m"":""Club"",""k"":1195979,""r"":1195979},{""a"":""ClubStadium"",""m"":""ClubStadium"",""k"":77938,""r"":1195979},{""a"":""Stadium"",""m"":""Stadium"",""k"":1442211,""r"":1442211}]",2000118098,Safia Sport Ksour,SS Ksour,,SSK,,160633,Tunisia,1248894,Tunisia,1436288,El Ksour,1177507,Tunisian Amateur League 2 - Group D,15,4,,,,,0,,,,1973,,1000,1006,2000360781,1442211,Stade Municipal d'El Ksour,
"[{""a"":""Club"",""m"":""Club"",""k"":1195981,""r"":1195981},{""a"":""ClubStadium"",""m"":""ClubStadium"",""k"":77939,""r"":1195981},{""a"":""Stadium"",""m"":""Stadium"",""k"":1441951,""r"":1441951}]",2000118100,Thala Sport,Thala Sport,,TS,,160633,Tunisia,1248894,Tunisia,1436291,Thala,154506,Tunisian Amateur League 1 - Group B,15,3,,,,,75,,,,1921,,1030,1004,2000360521,1441951,Stade de Thala,
"[{""a"":""Club"",""m"":""Club"",""k"":1195983,""r"":1195983},{""a"":""ClubStadium"",""m"":""ClubStadium"",""k"":77940,""r"":1195983},{""a"":""Stadium"",""m"":""Stadium"",""k"":12364,""r"":12364}]",2000118102,Kerkennah Sport,Kerkennah Sport,,KS,,160633,Tunisia,1248894,Tunisia,54531,Kerkennah,154507,Tunisian Amateur League 1 - Group C,20,3,,,,,69.5,,,,1985,,1000,1087,12064319,12364,Stade Farhat Hached,
"[{""a"":""Club"",""m"":""Club"",""k"":1195985,""r"":1195985},{""a"":""ClubStadium"",""m"":""ClubStadium"",""k"":77941,""r"":1195985},{""a"":""Stadium"",""m"":""Stadium"",""k"":1442214,""r"":1442214}]",2000118104,Lessouda Sportive Sidi Bouzid,LS Sidi Bouzid,,LSSB,,160633,Tunisia,1248894,Tunisia,54525,Sidi Bouzid,154506,Tunisian Amateur League 1 - Group B,15,4,,,,,76.5,,,,2012,,1000,1004,2000360784,1442214,Ancien Stade de Sidi Bouzid,
"[{""a"":""Club"",""m"":""Club"",""k"":1195998,""r"":1195998},{""a"":""ClubStadium"",""m"":""ClubStadium"",""k"":77942,""r"":1195998},{""a"":""Stadium"",""m"":""Stadium"",""k"":1441953,""r"":1441953}]",2000118117,Espoir Sportif Zouhour Kasserine,ES Zouhour Kasserine,,ESP,,160633,Tunisia,1248894,Tunisia,1436293,Ezzouhour (Kasserine),971082,Tunisian Lower Division,10,4,,,,,0,,,,2012,,1004,1146,2000360523,1441953,Stade d'Ezzouhour Kasserine,
"[{""a"":""Club"",""m"":""Club"",""k"":1196973,""r"":1196973},{""a"":""ClubStadium"",""m"":""ClubStadium"",""k"":77950,""r"":1196973},{""a"":""Stadium"",""m"":""Stadium"",""k"":1441852,""r"":1441852}]",2000120164,Club Sportif Neftien,CS Neftien,,CSN,,160633,Tunisia,1248894,Tunisia,1436322,Nefta,1177913,Tunisian Amateur League 2 - Group E,20,1,,,,,56.5,,,CSN,1961,,1000,1046,2000360422,1441852,Stade de Nefta,
"[{""a"":""Club"",""m"":""Club"",""k"":1196977,""r"":1196977},{""a"":""ClubStadium"",""m"":""ClubStadium"",""k"":77951,""r"":1196977},{""a"":""Stadium"",""m"":""Stadium"",""k"":1441855,""r"":1441855}]",2000120165,Astre Sportif De Degache,AS Degache,,ASD,,160633,Tunisia,1248894,Tunisia,1436323,Degache,154565,Tunisian Amateur League 1 - Group D,15,3,,,,,0,,,ASD,1963,,1000,1008,2000360425,1441855,Stade Municipal de Degache,
"[{""a"":""Club"",""m"":""Club"",""k"":1196995,""r"":1196995},{""a"":""ClubStadium"",""m"":""ClubStadium"",""k"":77953,""r"":1196995},{""a"":""Stadium"",""m"":""Stadium"",""k"":1441853,""r"":1441853}]",2000120169,Club Sportif de Bir El Haffey,CS Bir El Haffey,,CSBH,,160633,Tunisia,1248894,Tunisia,1436334,Bir El Haffey,1177913,Tunisian Amateur League 2 - Group E,10,3,,,,,0,,,,1980,,1000,1006,2000360423,1441853,Stade Municipal de Bir El Haffey,
"[{""a"":""Club"",""m"":""Club"",""k"":1197034,""r"":1197034},{""a"":""ClubStadium"",""m"":""ClubStadium"",""k"":77955,""r"":1197034},{""a"":""Stadium"",""m"":""Stadium"",""k"":1441972,""r"":1441972}]",2000118250,Sahara Sportif de Douz,SS Douz,,SSD,,160633,Tunisia,1248894,Tunisia,1436290,Douz,971082,Tunisian Lower Division,10,1,,,,,55,,,,1962,,1000,1146,2000360542,1441972,Stade Municipal de Douz,
"[{""a"":""Club"",""m"":""Club"",""k"":1197039,""r"":1197039},{""a"":""ClubStadium"",""m"":""ClubStadium"",""k"":77956,""r"":1197039},{""a"":""Stadium"",""m"":""Stadium"",""k"":1441850,""r"":1441850}]",2000118255,Flèche Sportive de Ksar Gafsa,FS Ksar Gafsa,,FSKG,,160633,Tunisia,1248894,Tunisia,1436298,El Ksar,1177913,Tunisian Amateur League 2 - Group E,10,4,,,,,0,,,,1947,,1022,1006,2000360420,1441850,Stade d'El Ksar,
"[{""a"":""Club"",""m"":""Club"",""k"":1197554,""r"":1197554},{""a"":""ClubStadium"",""m"":""ClubStadium"",""k"":78003,""r"":1197554},{""a"":""Stadium"",""m"":""Stadium"",""k"":1441983,""r"":1441983}]",2000118770,Espoir Sportif Rogba Tataouine,ES Rogba,ESRT,ESR,,160633,Tunisia,1248894,Tunisia,54566,Tataouine,154565,Tunisian Amateur League 1 - Group D,15,4,,,,,79.13,,,,2011,,1000,1082,2000360553,1441983,Stade Municipal Abdelkarim Mgadmini,
"[{""a"":""Club"",""m"":""Club"",""k"":1197556,""r"":1197556},{""a"":""ClubStadium"",""m"":""ClubStadium"",""k"":78004,""r"":1197556},{""a"":""Stadium"",""m"":""Stadium"",""k"":1441864,""r"":1441864}]",2000118772,Union Sportive Djerba Ajim,US Ajim,Ajim,USDA,USA,160633,Tunisia,1248894,Tunisia,48639,Djerba,154565,Tunisian Amateur League 1 - Group D,15,2,,,,,80,,,,1981,,1000,1096,2000360434,1441864,Stade de Football Ajim,
"[{""a"":""Club"",""m"":""Club"",""k"":1197561,""r"":1197561},{""a"":""ClubStadium"",""m"":""ClubStadium"",""k"":78005,""r"":1197561},{""a"":""Stadium"",""m"":""Stadium"",""k"":1441987,""r"":1441987}]",2000118777,Oasis Sportif Chenini,OS Chenini,,OSC,,160633,Tunisia,1248894,Tunisia,1436304,Chenini du Nahal,1177509,Tunisian Amateur League 2 - Group F,15,2,,,,,75,,,,1976,,1000,1044,2000360557,1441987,Stade Municipal de Chenini,
"[{""a"":""Club"",""m"":""Club"",""k"":1197564,""r"":1197564},{""a"":""ClubStadium"",""m"":""ClubStadium"",""k"":78006,""r"":1197564},{""a"":""Stadium"",""m"":""Stadium"",""k"":1441867,""r"":1441867}]",2000118780,Club Olympique Ghannouch,CO Ghannouch,,COG,,160633,Tunisia,1248894,Tunisia,1436300,Ghannouch,1177509,Tunisian Amateur League 2 - Group F,15,3,,,,,0,,,,1982,,1000,1090,2000360437,1441867,Stade de Ghannouch,
"[{""a"":""Club"",""m"":""Club"",""k"":1197566,""r"":1197566},{""a"":""ClubStadium"",""m"":""ClubStadium"",""k"":78007,""r"":1197566},{""a"":""Stadium"",""m"":""Stadium"",""k"":1441981,""r"":1441981}]",2000118782,Avenir Sportif de Hassi Amor,AS Hassi Amor,H Amor,ASHA,ASH,160633,Tunisia,1248894,Tunisia,1436345,Hassi Amor,1177509,Tunisian Amateur League 2 - Group F,10,4,,,,,71,,,,1976,,1022,1048,2000360551,1441981,Stade de Hassi Amor,
"[{""a"":""Club"",""m"":""Club"",""k"":1197569,""r"":1197569},{""a"":""ClubStadium"",""m"":""ClubStadium"",""k"":78008,""r"":1197569},{""a"":""Stadium"",""m"":""Stadium"",""k"":1441865,""r"":1441865}]",2000118785,Association Sportive Club Aljazeera,ASC Aljazeera,ASCAJ,ASCJ,,160633,Tunisia,1248894,Tunisia,48639,Djerba,971082,Tunisian Lower Division,15,4,,,,,70,,,,2013,Al Jazeera,1100,1018,2000360435,1441865,Stade Municipal de Guellala,
"[{""a"":""Club"",""m"":""Club"",""k"":1414810,""r"":1414810},{""a"":""ClubStadium"",""m"":""ClubStadium"",""k"":88896,""r"":1414810},{""a"":""Stadium"",""m"":""Stadium"",""k"":1441928,""r"":1441928}]",2000333633,Espoir Sportif de Tazarka,ES Tazarka,ESTAZ,EST,,160633,Tunisia,1248894,Tunisia,1436340,Tazarka,154481,Tunisian Amateur League 1 - Group A,40,,,,,,0,,,,1961,,1102,1026,2000360498,1441928,Stade de Tazarka,
"[{""a"":""Club"",""m"":""Club"",""k"":1414812,""r"":1414812},{""a"":""ClubStadium"",""m"":""ClubStadium"",""k"":88897,""r"":1414812},{""a"":""Stadium"",""m"":""Stadium"",""k"":1441976,""r"":1441976}]",2000333635,Aube Sportive d'El Guettar,AS Guettar,,ASG,,160633,Tunisia,1248894,Tunisia,1436299,El Guettar,1177913,Tunisian Amateur League 2 - Group E,24,,,,,,73,,,,1964,,1000,1060,2000360546,1441976,Stade Béchir Belaïd Lassoued,
"[{""a"":""Club"",""m"":""Club"",""k"":1414813,""r"":1414813},{""a"":""ClubStadium"",""m"":""ClubStadium"",""k"":88898,""r"":1414813},{""a"":""Stadium"",""m"":""Stadium"",""k"":1441861,""r"":1441861}]",2000333636,Club Sportif de Rouhia,CS Rouhia,,CSR,,160633,Tunisia,1248894,Tunisia,1436331,Rouhia,1177507,Tunisian Amateur League 2 - Group D,24,,,,,,74,,,,1969,,1026,1004,2000360431,1441861,Stade de Rouhia,
"[{""a"":""Club"",""m"":""Club"",""k"":1414814,""r"":1414814},{""a"":""ClubStadium"",""m"":""ClubStadium"",""k"":88899,""r"":1414814},{""a"":""Stadium"",""m"":""Stadium"",""k"":972158,""r"":972158}]",2000333637,Club Ahly Sfaxien,Ahly Sfax,,CAS,,160633,Tunisia,1248894,Tunisia,39979,Sfax,154565,Tunisian Amateur League 1 - Group D,40,,,,,,75.43,,,,1984,,1004,1018,13215478,972158,Stade Municipal de Sakiet Eddaier,
"[{""a"":""Club"",""m"":""Club"",""k"":1414815,""r"":1414815},{""a"":""ClubStadium"",""m"":""ClubStadium"",""k"":88900,""r"":1414815},{""a"":""Stadium"",""m"":""Stadium"",""k"":1442237,""r"":1442237}]",2000333638,El Khadra Sport,Khadra Sport,,KS,,160633,Tunisia,1248894,Tunisia,39845,Tunis,1177912,Tunisian Amateur League 2 - Group A,24,,,,,,70.4,,,,1963,,1000,1059,2000360807,1442237,Stade Municipal de Cité el-Khadra,
"[{""a"":""Club"",""m"":""Club"",""k"":1414816,""r"":1414816},{""a"":""ClubStadium"",""m"":""ClubStadium"",""k"":88901,""r"":1414816},{""a"":""Stadium"",""m"":""Stadium"",""k"":1441862,""r"":1441862}]",2000333639,Astre Sportif de Menzel Jemil,AS Menzel Jemil,ASMDJ,ASMD,,160633,Tunisia,1248894,Tunisia,53270,Menzel Jemil,154481,Tunisian Amateur League 1 - Group A,40,4,,,,,0,,,,1963,,1000,1051,2000360432,1441862,Stade Municipal de Menzel Jemil,
"[{""a"":""Club"",""m"":""Club"",""k"":1414817,""r"":1414817},{""a"":""ClubStadium"",""m"":""ClubStadium"",""k"":88902,""r"":1414817},{""a"":""Stadium"",""m"":""Stadium"",""k"":1441941,""r"":1441941}]",2000333640,Union Sportive Carthaginoise,US Carthage,,USC,,160633,Tunisia,1248894,Tunisia,1436321,Carthage,1177912,Tunisian Amateur League 2 - Group A,24,,,,,,75,,,,1960,,1004,1022,2000360511,1441941,Stade de Carthage,
"[{""a"":""Club"",""m"":""Club"",""k"":1414818,""r"":1414818},{""a"":""ClubStadium"",""m"":""ClubStadium"",""k"":88903,""r"":1414818},{""a"":""Stadium"",""m"":""Stadium"",""k"":1403,""r"":1403}]",2000333641,Football Club de Bizerte,FC Bizerte,,FCB,,160633,Tunisia,1248894,Tunisia,39977,Bizerte,971082,Tunisian Lower Division,24,,,,,,75,,,,2014,,1000,1004,105258,1403,Stade Olympique Ahmed Bsiri,
"[{""a"":""Club"",""m"":""Club"",""k"":1414819,""r"":1414819},{""a"":""ClubStadium"",""m"":""ClubStadium"",""k"":88904,""r"":1414819},{""a"":""Stadium"",""m"":""Stadium"",""k"":1442262,""r"":1442262}]",2000333642,Relais Sportif Bir Bouregba,RS Bir Bouregba,,RSBB,,160633,Tunisia,1248894,Tunisia,54556,Hammamet,1177505,Tunisian Amateur League 2 - Group B,24,,,,,,0,,,,1995,,1005,1000,2000360832,1442262,Stade Municipal de Bir Bouregba,
"[{""a"":""Club"",""m"":""Club"",""k"":1414820,""r"":1414820},{""a"":""ClubStadium"",""m"":""ClubStadium"",""k"":88905,""r"":1414820},{""a"":""Stadium"",""m"":""Stadium"",""k"":1442268,""r"":1442268}]",2000333643,Chihab Sportif de Ouerdanine,CS Ouerdanine,,CSO,,160633,Tunisia,1248894,Tunisia,1436341,Ouerdanine,1177506,Tunisian Amateur League 2 - Group C,24,,,,,,0,,,,1957,,1000,1146,2000360838,1442268,Stade de Ouerdanine,
"[{""a"":""Club"",""m"":""Club"",""k"":1414823,""r"":1414823},{""a"":""ClubStadium"",""m"":""ClubStadium"",""k"":88906,""r"":1414823},{""a"":""Stadium"",""m"":""Stadium"",""k"":1441959,""r"":1441959}]",2000333646,Espoir Sportif de Chorbane,ES Chorbane,,ESC,,160633,Tunisia,1248894,Tunisia,1436286,Chorbane,971082,Tunisian Lower Division,,,,,,,0,,,,1975,,1000,1052,2000360529,1441959,Stade de Chorbane,
"[{""a"":""Club"",""m"":""Club"",""k"":1414825,""r"":1414825},{""a"":""ClubStadium"",""m"":""ClubStadium"",""k"":88907,""r"":1414825},{""a"":""Stadium"",""m"":""Stadium"",""k"":1441964,""r"":1441964}]",2000333648,Essor Sportif de Sidi Alouane,ES Sidi Alouane,,ESSA,,160633,Tunisia,1248894,Tunisia,1436284,Sidi Alouane,1177506,Tunisian Amateur League 2 - Group C,24,,,,,,0,,,,1975,,1026,1044,2000360534,1441964,Stade de Sidi Alouane,
"[{""a"":""Club"",""m"":""Club"",""k"":1414826,""r"":1414826},{""a"":""ClubStadium"",""m"":""ClubStadium"",""k"":88908,""r"":1414826},{""a"":""Stadium"",""m"":""Stadium"",""k"":1441925,""r"":1441925}]",2000333649,Jeunesse Sportive de Bou Merdes,JS Bou Merdes,,JSBM,,160633,Tunisia,1248894,Tunisia,1436283,Bou Merdes,1177506,Tunisian Amateur League 2 - Group C,24,,,,,,75,,,,1974,,1000,1044,2000360495,1441925,Stade de Bou Merdes,
"[{""a"":""Club"",""m"":""Club"",""k"":1414827,""r"":1414827},{""a"":""ClubStadium"",""m"":""ClubStadium"",""k"":88909,""r"":1414827},{""a"":""Stadium"",""m"":""Stadium"",""k"":1441924,""r"":1441924}]",2000333650,Horizon Sportif de Kerker,HS Kerker,,HSK,,160633,Tunisia,1248894,Tunisia,53285,Kerker,154507,Tunisian Amateur League 1 - Group C,40,4,,,,,76.2,,,,2001,,1006,1094,2000360494,1441924,Stade de Kerker,
"[{""a"":""Club"",""m"":""Club"",""k"":1414828,""r"":1414828},{""a"":""ClubStadium"",""m"":""ClubStadium"",""k"":88910,""r"":1414828},{""a"":""Stadium"",""m"":""Stadium"",""k"":1441948,""r"":1441948}]",2000333651,Etoile Sportive de Gaâfour,ES Gaâfour,,ESG,,160633,Tunisia,1248894,Tunisia,1436329,Gaâfour,1177507,Tunisian Amateur League 2 - Group D,24,,,,,,0,,,,1946,,1000,1005,2000360518,1441948,Stade Municipal de Gaâfour,
"[{""a"":""Club"",""m"":""Club"",""k"":1414829,""r"":1414829},{""a"":""ClubStadium"",""m"":""ClubStadium"",""k"":88911,""r"":1414829},{""a"":""Stadium"",""m"":""Stadium"",""k"":1441854,""r"":1441854}]",2000333652,Jeunesse Sportive de Majel Bel Abbes,JS Majel Bel Abbes,JSMBA,JSMB,,160633,Tunisia,1248894,Tunisia,1436292,Majel Bel Abbès,1177913,Tunisian Amateur League 2 - Group E,24,,,,,,0,,,,1981,,1000,1094,2000360424,1441854,Stade de Majel Bel Abbès,
"[{""a"":""Club"",""m"":""Club"",""k"":1414831,""r"":1414831},{""a"":""ClubStadium"",""m"":""ClubStadium"",""k"":88913,""r"":1414831},{""a"":""Stadium"",""m"":""Stadium"",""k"":1441858,""r"":1441858}]",2000333654,Teboulbou Sport Gabès,Teboulbou SG,,TSG,,160633,Tunisia,1248894,Tunisia,54559,Téboulba,154565,Tunisian Amateur League 1 - Group D,40,4,,,,,74.14,,,,1976,,1004,1022,2000360428,1441858,Stade de Teboulbou,
"[{""a"":""Club"",""m"":""Club"",""k"":1414833,""r"":1414833},{""a"":""ClubStadium"",""m"":""ClubStadium"",""k"":88914,""r"":1414833},{""a"":""Stadium"",""m"":""Stadium"",""k"":1441859,""r"":1441859}]",2000333656,Education Sportive de Skhira,ESL Skhira,,ESLS,,160633,Tunisia,1248894,Tunisia,1436335,Skhira,154507,Tunisian Amateur League 1 - Group C,24,,,,,,0,,,,1974,,1082,1099,2000360429,1441859,Stade Abdallah Mguiris,
"[{""a"":""Club"",""m"":""Club"",""k"":1414834,""r"":1414834},{""a"":""ClubStadium"",""m"":""ClubStadium"",""k"":88915,""r"":1414834},{""a"":""Stadium"",""m"":""Stadium"",""k"":1441982,""r"":1441982}]",2000333657,Club Sportif de Bir Lahmar,CS Bir Lahmar,CSBLHM,CSBL,CBL,160633,Tunisia,1248894,Tunisia,1436325,Bir Lahmar,971082,Tunisian Lower Division,30,3,1480444,Bassem Mahdaoui,1486461,Salem Bedoui,46.21,,,CSBL,1983,L'Ababsa,1022,1098,2000360552,1441982,Stade de Bir Lahmar,2500
"[{""a"":""Club"",""m"":""Club"",""k"":1414836,""r"":1414836},{""a"":""ClubStadium"",""m"":""ClubStadium"",""k"":88916,""r"":1414836},{""a"":""Stadium"",""m"":""Stadium"",""k"":12310,""r"":12310}]",2000333659,Association Olympique de Ben Guerdane,AO Ben Guerdane,AOBG,AOB,,160633,Tunisia,1248894,Tunisia,54477,Ben Guerdane,971082,Tunisian Lower Division,24,,,,,,71,,,,2012,,1000,1059,12019369,12310,Stade Municipal 7 Mars,
"[{""a"":""Club"",""m"":""Club"",""k"":1414837,""r"":1414837},{""a"":""ClubStadium"",""m"":""ClubStadium"",""k"":88917,""r"":1414837},{""a"":""Stadium"",""m"":""Stadium"",""k"":1442266,""r"":1442266}]",2000333660,Astre Sportif de Souk l'Ahad,AS Souk Ahad,,ASSA,,160633,Tunisia,1248894,Tunisia,1436289,Souk L'Ahad,1177509,Tunisian Amateur League 2 - Group F,24,,,,,,0,,,,1976,,1094,1000,2000360836,1442266,Stade de Souk L'Ahad,
"[{""a"":""Club"",""m"":""Club"",""k"":1436432,""r"":1436432},{""a"":""ClubStadium"",""m"":""ClubStadium"",""k"":91626,""r"":1436432},{""a"":""Stadium"",""m"":""Stadium"",""k"":1441990,""r"":1441990}]",2000355008,Espoir Sportif de Bouhajla,ES Bouhajla,ESB,ESP,,160633,Tunisia,1248894,Tunisia,1178988,Bou Hajla,1177505,Tunisian Amateur League 2 - Group B,10,4,,,,,0,,,,2014,,1026,1092,2000360560,1441990,Stade de Bou Hajla,
"[{""a"":""Club"",""m"":""Club"",""k"":1436433,""r"":1436433},{""a"":""ClubStadium"",""m"":""ClubStadium"",""k"":91627,""r"":1436433},{""a"":""Stadium"",""m"":""Stadium"",""k"":1441840,""r"":1441840}]",2000355009,Astre Sportif de Zaouiet Sousse,AS Zaouiet Sousse,ASZS,AST,,160633,Tunisia,1248894,Tunisia,1436327,Zaouiet Sousse,1177505,Tunisian Amateur League 2 - Group B,10,,,,,,67,,,,1963,,1000,1056,2000360410,1441840,Stade Municipal de Ksibet Sousse,
"[{""a"":""Club"",""m"":""Club"",""k"":1440595,""r"":1440595},{""a"":""ClubStadium"",""m"":""ClubStadium"",""k"":92011,""r"":1440595},{""a"":""Stadium"",""m"":""Stadium"",""k"":1441984,""r"":1441984}]",2000359166,Stade Sportif de Sidi Makhlouf,SS Sidi Makhlouf,SSSM,STA,,160633,Tunisia,1248894,Tunisia,50601,Médenine,1177509,Tunisian Amateur League 2 - Group F,24,,,,,,72,,,,1989,,1000,1087,2000360554,1441984,Stade Municipal de Sidi Makhlouf,
"[{""a"":""Club"",""m"":""Club"",""k"":1452501,""r"":1452501},{""a"":""ClubStadium"",""m"":""ClubStadium"",""k"":93456,""r"":1452501},{""a"":""Stadium"",""m"":""Stadium"",""k"":1452489,""r"":1452489}]",2000371020,Union Sportive de Kalaat Senan,US Kalaat Senan,,UNI,,160633,Tunisia,1248894,Tunisia,73104,Kalaat Senan,971082,Tunisian Lower Division,,,,,,,0,,,,1950,,1006,1004,2000371008,1452489,Stade Hedi Ben Khalil,
"[{""a"":""Club"",""m"":""Club"",""k"":1452502,""r"":1452502},{""a"":""ClubStadium"",""m"":""ClubStadium"",""k"":93457,""r"":1452502},{""a"":""Stadium"",""m"":""Stadium"",""k"":1452493,""r"":1452493}]",2000371021,Espoir Sportif de Hazoua,ES Hazoua,ESH,ESH,,160633,Tunisia,1248894,Tunisia,1452498,Hazoua,971082,Tunisian Lower Division,,,,,,,53,,,,1985,,1056,1026,2000371012,1452493,Stade Municipal de Hazoua,
"[{""a"":""Club"",""m"":""Club"",""k"":1452515,""r"":1452515},{""a"":""ClubStadium"",""m"":""ClubStadium"",""k"":93459,""r"":1452515},{""a"":""Stadium"",""m"":""Stadium"",""k"":1441988,""r"":1441988}]",2000371034,Association Sportive de Beni Khedache,AS Beni Khedache,ASBK,ASBK,,160633,Tunisia,1248894,Tunisia,1436346,Beni Khedache,971082,Tunisian Lower Division,,,,,,,0,,,,2011,,1091,1078,2000360558,1441988,Stade de Beni Khedache,
"[{""a"":""Club"",""m"":""Club"",""k"":1452516,""r"":1452516},{""a"":""ClubStadium"",""m"":""ClubStadium"",""k"":93460,""r"":1452516},{""a"":""Stadium"",""m"":""Stadium"",""k"":1452494,""r"":1452494}]",2000371035,Club Sportif de Messaâdine,CS Messaâdine,CSM,CSM,,160633,Tunisia,1248894,Tunisia,1452496,Messaadine,971082,Tunisian Lower Division,,,,,,,0,,,,1976,,1095,1014,2000371013,1452494,Stade Municipal de Messaadine,
"[{""a"":""Club"",""m"":""Club"",""k"":1452517,""r"":1452517},{""a"":""ClubStadium"",""m"":""ClubStadium"",""k"":93461,""r"":1452517},{""a"":""Stadium"",""m"":""Stadium"",""k"":1452495,""r"":1452495}]",2000371036,Union Sportive de Menzel Bouzaiene,US Menzel Bouzaiene,USMB,USMB,,160633,Tunisia,1248894,Tunisia,1452500,Menzel Bouzaiene,971082,Tunisian Lower Division,,,,,,,0,,,,1995,,1006,1000,2000371014,1452495,Stade Municipal de Menzel Bouzaiene,
"[{""a"":""Club"",""m"":""Club"",""k"":1452518,""r"":1452518},{""a"":""ClubStadium"",""m"":""ClubStadium"",""k"":93462,""r"":1452518},{""a"":""Stadium"",""m"":""Stadium"",""k"":1452490,""r"":1452490}]",2000371037,Espoir Sportif de Zriba Village,ES Zriba,ESZV,ESZV,,160633,Tunisia,1248894,Tunisia,1436360,Zriba,971082,Tunisian Lower Division,,,,,,,0,,,,1983,,1000,1006,2000371009,1452490,Stade Municipal de Zriba Village,
